train_number,station_code,average_delay_minutes,pct_right_time,pct_slight_delay,pct_significant_delay,pct_cancelled_unknown,delay_class,train_number_enc,station_code_enc
12673,MAS,2.0,98.9,0.27,0.0,0.83,LOW,50,266
12673,AVD,0.0,0.27,0.0,0.0,99.73,LOW,50,28
12673,AJJ,16.0,55.34,44.38,0.27,0.01,MEDIUM,50,12
12673,KPD,17.0,48.49,49.86,1.64,0.01,MEDIUM,50,228
12673,SA,25.0,23.01,74.79,2.19,0.01,MEDIUM,50,384
12673,ED,25.0,21.37,76.44,2.19,0.0,MEDIUM,50,142
12673,TUP,24.0,22.74,75.34,1.92,0.0,MEDIUM,50,451
12673,CBF,13.0,70.68,28.49,0.82,0.01,MEDIUM,50,93
12674,CBE,5.0,97.26,2.47,0.27,0.0,LOW,51,92
12674,ED,21.0,35.34,64.11,0.55,0.0,MEDIUM,51,142
12674,SA,24.0,27.67,71.51,0.82,0.0,MEDIUM,51,384
12674,JTJ,7.0,93.15,6.3,0.55,0.0,LOW,51,200
12674,KPD,14.0,74.79,24.38,0.82,0.01,MEDIUM,51,228
12674,AJJ,28.0,17.26,80.55,2.19,0.0,MEDIUM,51,12
12674,PER,32.0,9.86,86.58,3.01,0.55,HIGH,51,343
12681,MAS,4.0,100.0,0.0,0.0,0.0,LOW,54,266
12681,AJJ,15.0,60.0,40.0,0.0,0.0,MEDIUM,54,12
12681,KPD,11.0,80.0,20.0,0.0,0.0,MEDIUM,54,228
12681,TUP,8.0,80.0,20.0,0.0,0.0,LOW,54,451
12681,CBF,7.0,80.0,20.0,0.0,0.0,LOW,54,93
12681,CBE,0.0,100.0,0.0,0.0,0.0,LOW,54,92
12682,CBE,3.0,100.0,0.0,0.0,0.0,LOW,55,92
12682,TUP,16.0,40.0,60.0,0.0,0.0,MEDIUM,55,451
12682,ED,43.0,0.0,100.0,0.0,0.0,HIGH,55,142
12682,SA,41.0,0.0,100.0,0.0,0.0,HIGH,55,384
12682,KPD,1.0,100.0,0.0,0.0,0.0,LOW,55,228
12682,PER,11.0,80.0,20.0,0.0,0.0,MEDIUM,55,343
12682,MAS,9.0,100.0,0.0,0.0,0.0,LOW,55,266
12637,MS,2.0,99.45,0.55,0.0,0.0,LOW,48,286
12637,TBM,4.0,99.18,0.82,0.0,0.0,LOW,48,431
12637,VM,6.0,95.07,4.66,0.27,0.0,LOW,48,465
12637,VRI,7.0,96.44,3.29,0.27,0.0,LOW,48,467
12637,TPJ,8.0,84.93,14.79,0.27,0.01,LOW,48,442
12637,MPA,14.0,63.29,36.44,0.27,0.0,MEDIUM,48,282
12637,DG,17.0,55.62,43.56,0.82,0.0,MEDIUM,48,121
12637,ABI,19.0,44.66,54.52,0.82,0.0,MEDIUM,48,2
12637,KQN,21.0,33.7,65.21,1.1,0.0,MEDIUM,48,230
12638,MDU,1.0,100.0,0.0,0.0,0.0,LOW,49,270
12638,KQN,6.0,95.89,4.11,0.0,0.0,LOW,49,230
12638,ABI,10.0,91.78,8.22,0.0,0.0,LOW,49,2
12638,DG,7.0,96.44,3.56,0.0,0.0,LOW,49,121
12638,MPA,8.0,93.7,6.3,0.0,0.0,LOW,49,282
12638,TPJ,6.0,95.89,4.11,0.0,0.0,LOW,49,442
12638,VRI,21.0,36.99,62.47,0.55,0.0,MEDIUM,49,467
12638,VM,12.0,84.38,14.79,0.82,0.01,MEDIUM,49,465
12638,MLMR,16.0,10.41,5.75,0.55,83.29,MEDIUM,49,275
12638,CGL,18.0,49.04,48.77,1.92,0.27,MEDIUM,49,97
12638,TBM,23.0,32.33,64.93,2.47,0.27,MEDIUM,49,431
12638,MBM,7.0,93.15,5.75,0.82,0.28,LOW,49,268
12631,MS,3.0,99.45,0.27,0.27,0.01,LOW,46,286
12631,TBM,6.0,97.26,2.19,0.55,0.0,LOW,46,431
12631,CGL,7.0,96.16,3.29,0.55,0.0,LOW,46,97
12631,MLMR,11.0,82.47,16.99,0.55,0.0,MEDIUM,46,275
12631,TMV,17.0,59.45,40.0,0.55,0.0,MEDIUM,46,440
12631,VM,10.0,82.74,16.71,0.55,0.0,LOW,46,465
12631,VRI,12.0,75.62,23.56,0.82,0.0,MEDIUM,46,467
12631,TPJ,11.0,78.36,20.55,1.1,0.0,MEDIUM,46,442
12631,DG,13.0,72.05,26.58,1.37,0.0,MEDIUM,46,121
12631,SDN,16.0,58.36,40.27,1.37,0.0,MEDIUM,46,396
12631,MDU,13.0,68.22,30.68,1.1,0.0,MEDIUM,46,270
12631,VPT,16.0,61.64,37.53,0.82,0.01,MEDIUM,46,466
12631,SRT,15.0,60.55,38.36,1.1,0.0,MEDIUM,46,419
12631,CVP,17.0,56.44,42.47,1.1,0.0,MEDIUM,46,113
12632,TEN,3.0,99.18,0.82,0.0,0.0,LOW,47,435
12632,CVP,8.0,96.16,3.84,0.0,0.0,LOW,47,113
12632,SRT,9.0,90.96,9.04,0.0,0.0,LOW,47,419
12632,VPT,7.0,96.16,3.84,0.0,0.0,LOW,47,466
12632,MDU,11.0,78.9,21.1,0.0,0.0,MEDIUM,47,270
12632,SDN,13.0,71.23,28.77,0.0,0.0,MEDIUM,47,396
12632,DG,9.0,85.21,14.79,0.0,0.0,LOW,47,121
12632,TPJ,7.0,91.78,8.22,0.0,0.0,LOW,47,442
12632,VRI,22.0,36.16,62.74,1.1,0.0,MEDIUM,47,467
12632,VM,16.0,54.79,43.56,1.64,0.01,MEDIUM,47,465
12632,TMV,19.0,39.18,58.9,1.64,0.28,MEDIUM,47,440
12632,MLMR,20.0,37.53,60.55,1.64,0.28,MEDIUM,47,275
12632,CGL,19.0,44.38,53.42,1.92,0.28,MEDIUM,47,97
12632,TBM,24.0,27.12,69.59,2.74,0.55,MEDIUM,47,431
12632,MBM,9.0,89.32,9.04,1.1,0.54,LOW,47,268
20665,MS,1.0,100.0,0.0,0.0,0.0,LOW,78,286
20665,TBM,3.0,100.0,0.0,0.0,0.0,LOW,78,431
20665,VM,7.0,92.31,7.69,0.0,0.0,LOW,78,465
20665,TPJ,7.0,92.31,7.69,0.0,0.0,LOW,78,442
20665,DG,11.0,88.46,7.69,3.85,0.0,MEDIUM,78,121
20665,MDU,15.0,80.77,15.38,3.85,0.0,MEDIUM,78,270
20665,VPT,17.0,61.54,34.62,3.85,0.0,MEDIUM,78,466
20666,TEN,0.0,100.0,0.0,0.0,0.0,LOW,79,435
20666,MDU,2.0,100.0,0.0,0.0,0.0,LOW,79,270
20666,DG,9.0,96.15,3.85,0.0,0.0,LOW,79,121
20666,TPJ,3.0,100.0,0.0,0.0,0.0,LOW,79,442
20666,VM,10.0,92.31,7.69,0.0,0.0,LOW,79,465
20666,TBM,20.0,19.23,80.77,0.0,0.0,MEDIUM,79,431
20666,MS,4.0,92.31,7.69,0.0,0.0,LOW,79,286
12621,BZA,17.0,59.18,37.26,3.01,0.55,MEDIUM,42,88
12621,KMT,17.0,62.47,33.42,3.29,0.82,MEDIUM,42,219
12621,WL,28.0,32.6,61.64,4.93,0.83,MEDIUM,42,471
12621,BPQ,22.0,53.97,38.9,6.3,0.83,MEDIUM,42,67
12621,NGP,37.0,26.58,63.29,9.59,0.54,HIGH,42,314
12621,ET,29.0,67.95,20.27,11.78,0.0,MEDIUM,42,147
12621,VGLJ,34.0,51.78,36.99,11.23,0.0,HIGH,42,463
12621,GWL,51.0,15.07,66.3,18.63,0.0,HIGH,42,170
12621,AGC,49.0,43.01,37.26,19.73,0.0,HIGH,42,8
12621,NZM,53.0,47.95,33.42,18.63,0.0,HIGH,42,334
12621,NDLS,54.0,44.93,35.89,19.18,0.0,HIGH,42,310
12622,NDLS,16.0,93.97,1.37,4.66,0.0,MEDIUM,43,310
12622,AGC,37.0,25.21,67.4,7.4,0.0,HIGH,43,8
12622,GWL,31.0,61.64,29.04,9.32,0.0,HIGH,43,170
12622,VGLJ,37.0,53.42,36.71,9.86,0.01,HIGH,43,463
12622,BPL,39.0,59.18,27.4,13.42,0.0,HIGH,43,65
12622,ET,35.0,78.36,7.95,13.7,0.0,HIGH,43,147
12622,NGP,45.0,58.36,28.22,13.42,0.0,HIGH,43,314
12622,BPQ,46.0,61.92,22.19,15.62,0.27,HIGH,43,67
12622,WL,64.0,23.56,55.07,21.1,0.27,HIGH,43,471
12622,KMT,82.0,5.75,59.73,34.25,0.27,HIGH,43,219
12622,BZA,67.0,25.75,53.15,21.1,0.0,HIGH,43,88
12622,MAS,36.0,79.45,7.4,13.15,0.0,HIGH,43,266
12839,HWH,45.0,36.67,46.67,16.67,0.0,HIGH,56,182
12839,KGP,68.0,10.0,50.0,40.0,0.0,HIGH,56,208
12839,BLS,87.0,0.0,46.67,53.33,0.0,HIGH,56,56
12839,BHC,81.0,16.67,40.0,43.33,0.0,HIGH,56,47
12839,JJKR,90.0,6.67,36.67,56.67,0.0,HIGH,56,192
12839,CTC,104.0,0.0,26.67,73.33,0.0,HIGH,56,110
12839,BBS,111.0,0.0,26.67,73.33,0.0,HIGH,56,38
12839,KUR,104.0,3.33,23.33,73.33,0.01,HIGH,56,243
12839,BALU,115.0,0.0,16.67,83.33,0.0,HIGH,56,33
12839,CAP,119.0,0.0,20.0,80.0,0.0,HIGH,56,91
12839,BAM,139.0,0.0,10.0,90.0,0.0,HIGH,56,34
12839,IPM,135.0,0.0,13.33,86.67,0.0,HIGH,56,186
12839,SPT,135.0,0.0,13.33,86.67,0.0,HIGH,56,414
12839,PSA,104.0,6.67,33.33,60.0,0.0,HIGH,56,360
12839,NWP,99.0,6.67,33.33,60.0,0.0,HIGH,56,331
12839,CHE,98.0,10.0,33.33,56.67,0.0,HIGH,56,99
12839,CPP,106.0,6.67,26.67,66.67,0.0,HIGH,56,105
12839,VZM,98.0,16.67,30.0,53.33,0.0,HIGH,56,469
12839,VSKP,103.0,13.33,30.0,56.67,0.0,HIGH,56,468
12839,AKP,106.0,10.0,30.0,60.0,0.0,HIGH,56,15
12839,TUNI,112.0,3.33,33.33,63.33,0.01,HIGH,56,450
12839,ANV,114.0,0.0,33.33,66.67,0.0,HIGH,56,21
12839,SLO,132.0,0.0,13.33,86.67,0.0,HIGH,56,407
12839,RJY,140.0,0.0,13.33,86.67,0.0,HIGH,56,372
12839,NDD,145.0,0.0,13.33,86.67,0.0,HIGH,56,309
12839,TDD,144.0,0.0,13.33,86.67,0.0,HIGH,56,433
12839,EE,147.0,3.33,10.0,86.67,0.0,HIGH,56,143
12839,BZA,106.0,3.33,43.33,53.33,0.01,HIGH,56,88
12839,TEL,127.0,0.0,26.67,73.33,0.0,HIGH,56,434
12839,BPP,133.0,0.0,20.0,80.0,0.0,HIGH,56,66
12839,CLX,133.0,0.0,20.0,80.0,0.0,HIGH,56,101
12839,NLR,113.0,13.33,23.33,63.33,0.01,HIGH,56,320
12839,GDR,90.0,30.0,26.67,43.33,0.0,HIGH,56,159
12839,MAS,73.0,40.0,13.33,46.67,0.0,HIGH,56,266
12840,MAS,56.0,61.92,11.51,26.3,0.27,HIGH,57,266
12840,GDR,73.0,33.97,33.97,31.78,0.28,HIGH,57,159
12840,NLR,81.0,14.79,52.05,32.88,0.28,HIGH,57,320
12840,OGL,82.0,17.53,48.22,33.97,0.28,HIGH,57,336
12840,CLX,84.0,17.53,47.95,34.25,0.27,HIGH,57,101
12840,BPP,85.0,18.08,45.48,36.16,0.28,HIGH,57,66
12840,TEL,77.0,31.78,33.42,34.52,0.28,HIGH,57,434
12840,BZA,84.0,23.84,39.73,36.16,0.27,HIGH,57,88
12840,EE,94.0,16.44,38.36,44.93,0.27,HIGH,57,143
12840,TDD,99.0,14.79,36.16,48.77,0.28,HIGH,57,433
12840,NDD,103.0,13.97,30.68,55.07,0.28,HIGH,57,309
12840,SLO,121.0,16.44,10.14,73.15,0.27,HIGH,57,407
12840,ANV,124.0,13.97,12.05,73.7,0.28,HIGH,57,21
12840,TUNI,124.0,14.25,11.78,73.7,0.27,HIGH,57,450
12840,AKP,128.0,14.25,9.32,76.16,0.27,HIGH,57,15
12840,VSKP,79.0,40.55,23.01,36.16,0.28,HIGH,57,468
12840,VZM,89.0,21.64,39.73,38.36,0.27,HIGH,57,469
12840,CPP,91.0,17.81,42.47,39.45,0.27,HIGH,57,105
12840,CHE,91.0,20.27,40.55,38.9,0.28,HIGH,57,99
12840,NWP,96.0,15.62,42.74,41.37,0.27,HIGH,57,331
12840,PSA,77.0,47.4,17.26,35.07,0.27,HIGH,57,360
12840,SPT,83.0,41.64,21.37,36.71,0.28,HIGH,57,414
12840,IPM,88.0,31.23,30.68,37.81,0.28,HIGH,57,186
12840,BAM,99.0,7.12,52.6,40.0,0.28,HIGH,57,34
12840,CAP,103.0,2.47,54.52,42.74,0.27,HIGH,57,91
12840,BALU,108.0,2.19,53.15,44.38,0.28,HIGH,57,33
12840,KUR,117.0,4.66,43.01,52.05,0.28,HIGH,57,243
12840,BBS,121.0,3.84,40.82,55.07,0.27,HIGH,57,38
12840,CTC,124.0,4.93,36.99,57.26,0.82,HIGH,57,110
12840,JJKR,127.0,3.84,37.26,58.63,0.27,HIGH,57,192
12840,BHC,87.0,41.64,17.26,40.82,0.28,HIGH,57,47
12840,BLS,101.0,23.84,29.32,46.58,0.26,HIGH,57,56
12840,KGP,123.0,10.14,30.96,58.63,0.27,HIGH,57,208
12840,SRC,158.0,6.3,13.42,80.0,0.28,HIGH,57,415
12840,HWH,129.0,18.63,10.68,69.59,1.1,HIGH,57,182
12433,MAS,2.0,100.0,0.0,0.0,0.0,LOW,38,266
12433,BZA,14.0,44.44,55.56,0.0,0.0,MEDIUM,38,88
12433,WL,18.0,33.33,66.67,0.0,0.0,MEDIUM,38,471
12433,BPQ,13.0,66.67,33.33,0.0,0.0,MEDIUM,38,67
12433,NGP,16.0,77.78,22.22,0.0,0.0,MEDIUM,38,314
12433,BPL,7.0,77.78,22.22,0.0,0.0,LOW,38,65
12433,VGLJ,5.0,100.0,0.0,0.0,0.0,LOW,38,463
12433,GWL,13.0,66.67,33.33,0.0,0.0,MEDIUM,38,170
12433,AGC,7.0,88.89,11.11,0.0,0.0,LOW,38,8
12433,NZM,2.0,88.89,11.11,0.0,0.0,LOW,38,334
12434,NZM,0.0,100.0,0.0,0.0,0.0,LOW,39,334
12434,AGC,10.0,77.78,22.22,0.0,0.0,LOW,39,8
12434,VGLJ,4.0,100.0,0.0,0.0,0.0,LOW,39,463
12434,BPL,10.0,100.0,0.0,0.0,0.0,LOW,39,65
12434,NGP,6.0,77.78,22.22,0.0,0.0,LOW,39,314
12434,BPQ,1.0,100.0,0.0,0.0,0.0,LOW,39,67
12434,WL,7.0,88.89,11.11,0.0,0.0,LOW,39,471
12434,BZA,16.0,66.67,33.33,0.0,0.0,MEDIUM,39,88
12295,SMVB,19.0,76.67,16.67,6.67,0.0,MEDIUM,26,410
12295,BWT,31.0,43.33,46.67,10.0,0.0,HIGH,26,83
12295,KPN,30.0,63.33,26.67,10.0,0.0,MEDIUM,26,229
12295,JTJ,30.0,60.0,26.67,13.33,0.0,MEDIUM,26,200
12295,KPD,24.0,80.0,6.67,13.33,0.0,MEDIUM,26,228
12295,AJJ,29.0,63.33,23.33,13.33,0.01,MEDIUM,26,12
12295,PER,33.0,60.0,26.67,13.33,0.0,HIGH,26,343
12295,GDR,46.0,10.0,70.0,20.0,0.0,HIGH,26,159
12295,NLR,60.0,0.0,80.0,20.0,0.0,HIGH,26,320
12295,OGL,61.0,3.33,73.33,23.33,0.01,HIGH,26,336
12295,BZA,54.0,3.33,76.67,20.0,0.0,HIGH,26,88
12295,KMT,38.0,60.0,20.0,20.0,0.0,HIGH,26,219
12295,WL,62.0,0.0,80.0,20.0,0.0,HIGH,26,471
12295,RDM,57.0,13.33,63.33,23.33,0.01,HIGH,26,369
12295,SKZR,38.0,3.33,30.0,3.33,63.34,HIGH,26,404
12295,BPQ,32.0,70.0,13.33,16.67,0.0,HIGH,26,67
12295,CD,35.0,60.0,23.33,16.67,0.0,HIGH,26,95
12295,SEGM,44.0,36.67,46.67,16.67,0.0,HIGH,26,397
12295,NGP,31.0,63.33,20.0,16.67,0.0,HIGH,26,314
12295,BZU,64.0,6.67,63.33,30.0,0.0,HIGH,26,89
12295,GDYA,73.0,0.0,53.33,46.67,0.0,HIGH,26,160
12295,ET,26.0,80.0,6.67,13.33,0.0,MEDIUM,26,147
12295,NU,54.0,6.67,76.67,16.67,0.0,HIGH,26,329
12295,JBP,43.0,36.67,46.67,16.67,0.0,HIGH,26,188
12295,KTE,60.0,0.0,83.33,16.67,0.0,HIGH,26,239
12295,MYR,70.0,0.0,83.33,16.67,0.0,HIGH,26,299
12295,STA,62.0,0.0,83.33,16.67,0.0,HIGH,26,424
12295,PCOI,70.0,10.0,40.0,50.0,0.0,HIGH,26,342
12295,MZP,29.0,43.33,50.0,6.67,0.0,MEDIUM,26,301
12295,DDU,12.0,96.67,0.0,3.33,0.0,MEDIUM,26,119
12295,BXR,19.0,70.0,26.67,3.33,0.0,MEDIUM,26,86
12295,ARA,23.0,56.67,36.67,6.67,0.0,MEDIUM,26,23
12295,DNR,4.0,90.0,3.33,6.67,0.0,LOW,26,134
12296,DNR,5.0,90.0,10.0,0.0,0.0,LOW,27,134
12296,ARA,23.0,43.33,46.67,10.0,0.0,MEDIUM,27,23
12296,BXR,34.0,16.67,73.33,10.0,0.0,HIGH,27,86
12296,DLN,45.0,3.33,76.67,20.0,0.0,HIGH,27,131
12296,DDU,21.0,66.67,23.33,10.0,0.0,MEDIUM,27,119
12296,MZP,21.0,60.0,30.0,10.0,0.0,MEDIUM,27,301
12296,PCOI,28.0,43.33,46.67,10.0,0.0,MEDIUM,27,342
12296,STA,20.0,56.67,36.67,6.67,0.0,MEDIUM,27,424
12296,MYR,29.0,30.0,60.0,10.0,0.0,MEDIUM,27,299
12296,KTE,47.0,3.33,76.67,20.0,0.0,HIGH,27,239
12296,JBP,38.0,23.33,63.33,13.33,0.01,HIGH,27,188
12296,ET,8.0,83.33,13.33,3.33,0.01,LOW,27,147
12296,GDYA,13.0,80.0,13.33,6.67,0.0,MEDIUM,27,160
12296,BZU,27.0,36.67,53.33,10.0,0.0,MEDIUM,27,89
12296,NGP,22.0,53.33,36.67,10.0,0.0,MEDIUM,27,314
12296,SEGM,41.0,13.33,63.33,23.33,0.01,HIGH,27,397
12296,BPQ,10.0,83.33,16.67,0.0,0.0,LOW,27,67
12296,SKZR,39.0,3.33,23.33,10.0,63.34,HIGH,27,404
12296,RDM,43.0,0.0,86.67,13.33,0.0,HIGH,27,369
12296,WL,51.0,6.67,73.33,20.0,0.0,HIGH,27,471
12296,KMT,57.0,3.33,63.33,33.33,0.01,HIGH,27,219
12296,BZA,23.0,46.67,46.67,6.67,0.0,MEDIUM,27,88
12296,OGL,29.0,36.67,53.33,10.0,0.0,MEDIUM,27,336
12296,NLR,25.0,46.67,46.67,6.67,0.0,MEDIUM,27,320
12296,GDR,14.0,80.0,13.33,6.67,0.0,MEDIUM,27,159
12296,AJJ,32.0,26.67,66.67,6.67,0.0,HIGH,27,12
12296,KPD,37.0,46.67,40.0,13.33,0.0,HIGH,27,228
12296,JTJ,31.0,56.67,30.0,13.33,0.0,HIGH,27,200
12296,KPN,46.0,30.0,56.67,13.33,0.0,HIGH,27,229
12296,BWT,49.0,20.0,66.67,13.33,0.0,HIGH,27,83
12296,KJM,45.0,20.0,66.67,13.33,0.0,HIGH,27,213
12296,SMVB,10.0,86.67,0.0,13.33,0.0,LOW,27,410
12841,HWH,18.0,53.33,30.0,6.67,10.0,MEDIUM,58,182
12841,SRC,20.0,63.33,26.67,10.0,0.0,MEDIUM,58,415
12841,KGP,34.0,23.33,60.0,16.67,0.0,HIGH,58,208
12841,BLS,53.0,10.0,60.0,30.0,0.0,HIGH,58,56
12841,JJKR,36.0,46.67,33.33,20.0,0.0,HIGH,58,192
12841,CTC,48.0,20.0,50.0,30.0,0.0,HIGH,58,110
12841,BBS,49.0,23.33,50.0,26.67,0.0,HIGH,58,38
12841,KUR,71.0,3.33,50.0,46.67,0.0,HIGH,58,243
12841,BAM,63.0,6.67,50.0,43.33,0.0,HIGH,58,34
12841,VSKP,48.0,50.0,23.33,26.67,0.0,HIGH,58,468
12841,TDD,71.0,6.67,60.0,33.33,0.0,HIGH,58,433
12841,EE,71.0,3.33,63.33,33.33,0.01,HIGH,58,143
12841,BZA,45.0,40.0,33.33,26.67,0.0,HIGH,58,88
12841,MAS,21.0,66.67,10.0,23.33,0.0,MEDIUM,58,266
12842,MAS,31.0,76.67,10.0,13.33,0.0,HIGH,59,266
12842,OGL,50.0,36.67,43.33,20.0,0.0,HIGH,59,336
12842,BZA,56.0,16.67,60.0,23.33,0.0,HIGH,59,88
12842,EE,68.0,3.33,70.0,26.67,0.0,HIGH,59,143
12842,TDD,75.0,3.33,56.67,40.0,0.0,HIGH,59,433
12842,RJY,100.0,0.0,16.67,83.33,0.0,HIGH,59,372
12842,VSKP,35.0,60.0,23.33,16.67,0.0,HIGH,59,468
12842,KUR,79.0,0.0,60.0,40.0,0.0,HIGH,59,243
12842,BBS,77.0,0.0,56.67,43.33,0.0,HIGH,59,38
12842,CTC,80.0,0.0,53.33,46.67,0.0,HIGH,59,110
12842,JJKR,104.0,0.0,13.33,86.67,0.0,HIGH,59,192
12842,BHC,45.0,40.0,36.67,23.33,0.0,HIGH,59,47
12842,BLS,58.0,13.33,63.33,23.33,0.01,HIGH,59,56
12842,KGP,89.0,0.0,56.67,43.33,0.0,HIGH,59,208
12842,SRC,51.0,36.67,33.33,30.0,0.0,HIGH,59,415
12842,HWH,63.0,53.33,10.0,26.67,10.0,HIGH,59,182
12842,SHM,53.0,3.33,0.0,6.67,90.0,HIGH,59,402
12625,TVC,7.0,94.52,4.93,0.55,0.0,LOW,44,452
12625,VAK,8.0,89.59,9.59,0.82,0.0,LOW,44,460
12625,QLN,10.0,87.12,12.05,0.82,0.01,LOW,44,366
12625,MVLK,17.0,58.36,40.55,1.1,0.0,MEDIUM,44,296
12625,CNGR,17.0,53.42,45.48,1.1,0.0,MEDIUM,44,103
12625,TRVL,21.0,38.63,60.0,1.37,0.0,MEDIUM,44,447
12625,CGY,21.0,41.64,56.71,1.64,0.01,MEDIUM,44,98
12625,VARD,23.0,36.71,60.82,2.47,0.0,MEDIUM,44,462
12625,ERN,25.0,31.23,65.48,3.29,0.0,MEDIUM,44,145
12625,AWY,27.0,24.93,70.96,4.11,0.0,MEDIUM,44,30
12625,TCR,30.0,10.14,85.48,4.38,0.0,MEDIUM,44,432
12625,OTP,17.0,70.14,26.85,3.01,0.0,MEDIUM,44,337
12625,PGT,26.0,25.48,71.23,3.29,0.0,MEDIUM,44,344
12625,CBE,17.0,65.48,31.23,3.29,0.0,MEDIUM,44,92
12625,TUP,18.0,61.1,35.62,3.29,0.0,MEDIUM,44,451
12625,ED,20.0,53.42,43.29,3.29,0.0,MEDIUM,44,142
12625,SA,18.0,58.36,38.36,3.29,0.0,MEDIUM,44,384
12625,JTJ,12.0,89.86,7.4,2.74,0.0,MEDIUM,44,200
12625,KPD,9.0,93.7,4.11,2.19,0.0,LOW,44,228
12625,CTO,17.0,65.21,31.78,3.01,0.0,MEDIUM,44,111
12625,TPTY,20.0,56.16,40.82,3.01,0.01,MEDIUM,44,444
12625,RU,31.0,15.34,80.82,3.84,0.0,HIGH,44,383
12625,GDR,19.0,53.7,42.47,3.01,0.82,MEDIUM,44,159
12625,NLR,27.0,26.85,68.49,3.84,0.82,MEDIUM,44,320
12625,BZA,20.0,57.53,36.71,4.93,0.83,MEDIUM,44,88
12625,WL,84.0,1.1,15.62,82.47,0.81,HIGH,44,471
12625,RDM,48.0,18.9,52.6,27.67,0.83,HIGH,44,369
12625,BPQ,18.0,75.62,18.36,5.21,0.81,MEDIUM,44,67
12625,CD,19.0,65.75,27.95,5.48,0.82,MEDIUM,44,95
12625,SEGM,38.0,15.07,72.05,12.05,0.83,HIGH,44,397
12625,NGP,50.0,6.3,71.78,21.1,0.82,HIGH,44,314
12625,ET,28.0,54.52,36.99,8.49,0.0,MEDIUM,44,147
12625,BPL,28.0,57.26,34.52,8.22,0.0,MEDIUM,44,65
12625,BINA,25.0,70.96,20.27,8.77,0.0,MEDIUM,44,50
12625,VGLJ,38.0,44.66,41.64,13.7,0.0,HIGH,44,463
12625,GWL,45.0,39.45,43.29,17.26,0.0,HIGH,44,170
12625,AGC,43.0,58.36,23.01,18.63,0.0,HIGH,44,8
12625,MTJ,60.0,13.15,63.29,23.56,0.0,HIGH,44,292
12625,FDB,45.0,60.82,18.36,20.82,0.0,HIGH,44,149
12625,NZM,60.0,47.67,27.67,24.66,0.0,HIGH,44,334
12625,NDLS,50.0,62.74,16.44,20.82,0.0,HIGH,44,310
12626,NDLS,35.0,84.38,3.84,11.78,0.0,HIGH,45,310
12626,MTJ,63.0,13.7,70.96,15.34,0.0,HIGH,45,292
12626,AGC,68.0,5.75,77.53,16.16,0.56,HIGH,45,8
12626,GWL,64.0,39.45,43.56,16.44,0.55,HIGH,45,170
12626,VGLJ,64.0,53.15,28.77,17.53,0.55,HIGH,45,463
12626,BINA,68.0,65.75,15.62,18.63,0.0,HIGH,45,50
12626,BPL,80.0,42.74,36.99,20.27,0.0,HIGH,45,65
12626,ET,76.0,54.25,26.03,19.73,0.0,HIGH,45,147
12626,NGP,88.0,30.96,48.22,20.55,0.27,HIGH,45,314
12626,SEGM,103.0,9.32,60.27,30.14,0.27,HIGH,45,397
12626,CD,116.0,1.92,58.36,39.45,0.27,HIGH,45,95
12626,RDM,118.0,1.37,57.26,41.1,0.27,HIGH,45,369
12626,WL,128.0,1.37,47.12,51.23,0.28,HIGH,45,471
12626,BZA,98.0,26.85,43.84,29.04,0.27,HIGH,45,88
12626,NLR,103.0,24.38,41.1,34.25,0.27,HIGH,45,320
12626,GDR,107.0,23.56,39.73,36.44,0.27,HIGH,45,159
12626,RU,107.0,33.15,31.23,35.62,0.0,HIGH,45,383
12626,TPTY,114.0,13.7,49.59,36.71,0.0,HIGH,45,444
12626,CTO,105.0,36.99,28.22,34.79,0.0,HIGH,45,111
12626,KPD,98.0,54.52,12.88,32.6,0.0,HIGH,45,228
12626,SA,105.0,49.04,16.99,33.97,0.0,HIGH,45,384
12626,ED,105.0,46.58,19.45,33.97,0.0,HIGH,45,142
12626,CBE,110.0,37.81,27.4,34.25,0.54,HIGH,45,92
12626,PGT,108.0,44.66,23.01,32.33,0.0,HIGH,45,344
12626,OTP,117.0,16.71,49.32,33.97,0.0,HIGH,45,337
12626,TCR,110.0,20.0,49.04,30.96,0.0,HIGH,45,432
12626,AWY,121.0,5.75,60.55,33.7,0.0,HIGH,45,30
12626,ERN,116.0,18.08,49.04,32.88,0.0,HIGH,45,145
12626,VARD,112.0,38.63,29.86,31.51,0.0,HIGH,45,462
12626,KTYM,113.0,39.45,29.04,31.51,0.0,HIGH,45,240
12626,CGY,113.0,42.47,26.58,30.96,0.0,HIGH,45,98
12626,TRVL,113.0,42.19,26.3,31.51,0.0,HIGH,45,447
12626,CNGR,114.0,39.45,29.04,31.51,0.0,HIGH,45,103
12626,MVLK,115.0,38.36,30.41,31.23,0.0,HIGH,45,296
12626,KYJ,117.0,32.05,36.99,30.96,0.0,HIGH,45,248
12626,QLN,123.0,16.99,51.78,31.23,0.0,HIGH,45,366
12626,VAK,126.0,13.15,53.42,33.42,0.01,HIGH,45,460
12626,TVP,107.0,55.89,17.26,26.85,0.0,HIGH,45,454
12626,TVC,93.0,63.29,10.41,26.3,0.0,HIGH,45,452
12951,MMCT,7.0,98.63,0.27,1.1,0.0,LOW,64,277
12951,BVI,15.0,93.7,5.21,1.1,0.0,MEDIUM,64,79
12951,ST,16.0,81.92,16.16,1.92,0.0,MEDIUM,64,423
12951,BRC,17.0,74.52,23.84,1.64,0.0,MEDIUM,64,70
12951,RTM,15.0,83.56,14.25,2.19,0.0,MEDIUM,64,382
12951,NAD,11.0,92.05,6.3,1.64,0.01,MEDIUM,64,302
12951,KOTA,16.0,80.27,17.81,1.92,0.0,MEDIUM,64,225
12951,NDLS,27.0,82.47,11.51,6.03,0.0,MEDIUM,64,310
12952,NDLS,8.0,97.26,0.55,2.19,0.0,LOW,65,310
12952,KOTA,20.0,57.81,38.9,3.29,0.0,MEDIUM,65,225
12952,NAD,15.0,76.71,20.0,3.29,0.0,MEDIUM,65,302
12952,RTM,20.0,64.93,31.51,3.56,0.0,MEDIUM,65,382
12952,BRC,13.0,87.12,9.86,3.01,0.01,MEDIUM,65,70
12952,ST,15.0,85.48,11.51,3.01,0.0,MEDIUM,65,423
12952,BVI,28.0,24.38,70.68,4.93,0.01,MEDIUM,65,79
12952,MMCT,13.0,88.22,7.4,4.38,0.0,MEDIUM,65,277
22301,HWH,0.0,100.0,0.0,0.0,0.0,LOW,84,182
22301,BHP,19.0,38.46,61.54,0.0,0.0,MEDIUM,84,48
22301,MLDT,5.0,92.31,7.69,0.0,0.0,LOW,84,274
22301,BOE,14.0,76.92,19.23,3.85,0.0,MEDIUM,84,62
22301,KNE,10.0,26.92,19.23,0.0,53.85,LOW,84,220
22301,NJP,7.0,88.46,11.54,0.0,0.0,LOW,84,317
22302,NJP,1.0,100.0,0.0,0.0,0.0,LOW,85,317
22302,KNE,15.0,26.92,19.23,0.0,53.85,MEDIUM,85,220
22302,BOE,11.0,84.62,15.38,0.0,0.0,MEDIUM,85,62
22302,MLDT,15.0,61.54,38.46,0.0,0.0,MEDIUM,85,274
22302,BHP,21.0,46.15,53.85,0.0,0.0,MEDIUM,85,48
12001,RKMP,3.0,93.33,6.67,0.0,0.0,LOW,4,374
12001,BINA,6.0,90.0,6.67,3.33,0.0,LOW,4,50
12001,LAR,17.0,70.0,26.67,3.33,0.0,MEDIUM,4,252
12001,VGLJ,18.0,80.0,13.33,6.67,0.0,MEDIUM,4,463
12001,GWL,25.0,60.0,33.33,6.67,0.0,MEDIUM,4,170
12001,MRA,28.0,43.33,50.0,6.67,0.0,MEDIUM,4,284
12001,DHO,16.0,80.0,13.33,6.67,0.0,MEDIUM,4,126
12001,AGC,17.0,80.0,13.33,6.67,0.0,MEDIUM,4,8
12001,MTJ,22.0,73.33,20.0,6.67,0.0,MEDIUM,4,292
12001,NDLS,11.0,83.33,10.0,6.67,0.0,MEDIUM,4,310
12002,NDLS,1.0,100.0,0.0,0.0,0.0,LOW,5,310
12002,MTJ,17.0,40.0,60.0,0.0,0.0,MEDIUM,5,292
12002,AGC,22.0,3.33,96.67,0.0,0.0,MEDIUM,5,8
12002,DHO,14.0,66.67,33.33,0.0,0.0,MEDIUM,5,126
12002,MRA,17.0,46.67,53.33,0.0,0.0,MEDIUM,5,284
12002,BINA,9.0,83.33,16.67,0.0,0.0,LOW,5,50
12002,BPL,13.0,66.67,33.33,0.0,0.0,MEDIUM,5,65
12002,RKMP,3.0,83.33,16.67,0.0,0.0,LOW,5,374
12903,ST,25.0,70.0,23.33,6.67,0.0,MEDIUM,60,423
12903,BRC,30.0,80.0,6.67,13.33,0.0,MEDIUM,60,70
12903,GDA,28.0,76.67,10.0,13.33,0.0,MEDIUM,60,158
12903,DHD,33.0,53.33,33.33,13.33,0.01,HIGH,60,124
12903,MGN,34.0,53.33,33.33,13.33,0.01,HIGH,60,272
12903,RTM,25.0,86.67,0.0,13.33,0.0,MEDIUM,60,382
12903,NAD,20.0,86.67,0.0,13.33,0.0,MEDIUM,60,302
12903,SGZ,24.0,70.0,16.67,13.33,0.0,MEDIUM,60,401
12903,BWM,26.0,76.67,6.67,16.67,0.0,MEDIUM,60,81
12903,RMA,30.0,76.67,6.67,16.67,0.0,MEDIUM,60,375
12903,KOTA,34.0,66.67,16.67,16.67,0.0,HIGH,60,225
12903,SWM,42.0,56.67,23.33,20.0,0.0,HIGH,60,427
12903,GGC,49.0,43.33,36.67,20.0,0.0,HIGH,60,161
12903,SMVJ,51.0,33.33,46.67,20.0,0.0,HIGH,60,411
12903,HAN,48.0,43.33,36.67,20.0,0.0,HIGH,60,175
12903,BXN,46.0,53.33,26.67,20.0,0.0,HIGH,60,84
12903,BTE,50.0,43.33,36.67,20.0,0.0,HIGH,60,76
12903,MTJ,37.0,76.67,3.33,20.0,0.0,HIGH,60,292
12903,FDB,37.0,80.0,0.0,20.0,0.0,HIGH,60,149
12903,GZB,53.0,63.33,13.33,23.33,0.01,HIGH,60,173
12903,MTC,57.0,50.0,30.0,20.0,0.0,HIGH,60,291
12903,MUT,60.0,50.0,26.67,23.33,0.0,HIGH,60,295
12903,SKF,61.0,50.0,26.67,23.33,0.0,HIGH,60,403
12903,MOZ,63.0,40.0,36.67,23.33,0.0,HIGH,60,281
12903,SRE,43.0,70.0,10.0,20.0,0.0,HIGH,60,416
12903,YJUD,44.0,70.0,10.0,20.0,0.0,HIGH,60,474
12903,UMB,49.0,60.0,20.0,20.0,0.0,HIGH,60,457
12903,LDH,51.0,43.33,36.67,20.0,0.0,HIGH,60,253
12903,JUC,44.0,66.67,13.33,20.0,0.0,HIGH,60,202
12903,BEAS,45.0,70.0,6.67,23.33,0.0,HIGH,60,42
12903,ASR,39.0,63.33,16.67,20.0,0.0,HIGH,60,25
12904,ASR,2.0,100.0,0.0,0.0,0.0,LOW,61,25
12904,BEAS,13.0,80.0,20.0,0.0,0.0,MEDIUM,61,42
12904,JUC,9.0,76.67,23.33,0.0,0.0,LOW,61,202
12904,LDH,13.0,70.0,30.0,0.0,0.0,MEDIUM,61,253
12904,UMB,9.0,76.67,23.33,0.0,0.0,LOW,61,457
12904,YJUD,14.0,66.67,33.33,0.0,0.0,MEDIUM,61,474
12904,SRE,9.0,80.0,16.67,3.33,0.0,LOW,61,416
12904,MOZ,9.0,83.33,10.0,6.67,0.0,LOW,61,281
12904,MUT,13.0,76.67,16.67,6.67,0.0,MEDIUM,61,295
12904,MTC,16.0,73.33,16.67,10.0,0.0,MEDIUM,61,291
12904,GZB,22.0,56.67,30.0,13.33,0.0,MEDIUM,61,173
12904,NZM,17.0,80.0,3.33,16.67,0.0,MEDIUM,61,334
12904,FDB,31.0,73.33,10.0,16.67,0.0,HIGH,61,149
12904,MTJ,27.0,73.33,10.0,16.67,0.0,MEDIUM,61,292
12904,BTE,28.0,70.0,13.33,16.67,0.0,MEDIUM,61,76
12904,BXN,35.0,53.33,30.0,16.67,0.0,HIGH,61,84
12904,HAN,35.0,50.0,33.33,16.67,0.0,HIGH,61,175
12904,SMVJ,36.0,46.67,36.67,16.67,0.0,HIGH,61,411
12904,GGC,34.0,56.67,26.67,16.67,0.0,HIGH,61,161
12904,SWM,35.0,56.67,26.67,16.67,0.0,HIGH,61,427
12904,KOTA,32.0,56.67,26.67,16.67,0.0,HIGH,61,225
12904,RMA,35.0,60.0,23.33,16.67,0.0,HIGH,61,375
12904,BWM,38.0,56.67,23.33,20.0,0.0,HIGH,61,81
12904,SGZ,44.0,30.0,50.0,20.0,0.0,HIGH,61,401
12904,MGN,37.0,26.67,53.33,20.0,0.0,HIGH,61,272
12904,DHD,39.0,30.0,50.0,20.0,0.0,HIGH,61,124
12904,BRC,23.0,66.67,16.67,16.67,0.0,MEDIUM,61,70
12904,ST,22.0,73.33,10.0,16.67,0.0,MEDIUM,61,423
12904,BVI,27.0,40.0,46.67,13.33,0.0,MEDIUM,61,79
17057,CSMT,3.0,96.67,3.33,0.0,0.0,LOW,76,108
17057,DR,10.0,90.0,10.0,0.0,0.0,LOW,76,138
17057,KYN,16.0,40.0,60.0,0.0,0.0,MEDIUM,76,249
17057,KSRA,21.0,36.67,63.33,0.0,0.0,MEDIUM,76,237
17057,IGP,22.0,33.33,66.67,0.0,0.0,MEDIUM,76,184
17057,NK,23.0,30.0,70.0,0.0,0.0,MEDIUM,76,319
17057,MMR,20.0,43.33,53.33,3.33,0.01,MEDIUM,76,278
17057,RGO,17.0,66.67,30.0,3.33,0.0,MEDIUM,76,370
17057,AWB,22.0,60.0,33.33,6.67,0.0,MEDIUM,76,29
17057,SELU,58.0,6.67,60.0,33.33,0.0,HIGH,76,398
17057,MVO,54.0,3.33,70.0,26.67,0.0,HIGH,76,297
17057,PBN,48.0,10.0,66.67,23.33,0.0,HIGH,76,341
17057,NED,37.0,20.0,66.67,13.33,0.0,HIGH,76,312
17057,UMRI,38.0,26.67,53.33,20.0,0.0,HIGH,76,458
17057,DAB,44.0,10.0,70.0,20.0,0.0,HIGH,76,115
17057,BSX,51.0,6.67,66.67,26.67,0.0,HIGH,76,75
17057,NZB,55.0,6.67,63.33,30.0,0.0,HIGH,76,333
17057,KMC,57.0,13.33,50.0,36.67,0.0,HIGH,76,218
17057,AKE,57.0,13.33,46.67,40.0,0.0,HIGH,76,14
17057,MZL,60.0,13.33,43.33,43.33,0.01,HIGH,76,300
17057,BMO,35.0,36.67,46.67,16.67,0.0,HIGH,76,58
17057,SC,52.0,36.67,46.67,16.67,0.0,HIGH,76,391
17057,BMT,36.0,70.0,13.33,16.67,0.0,HIGH,76,59
17057,LPI,42.0,76.67,10.0,13.33,0.0,HIGH,76,259
17058,LPI,2.0,96.67,3.33,0.0,0.0,LOW,77,259
17058,BMT,4.0,96.67,0.0,3.33,0.0,LOW,77,59
17058,BMO,5.0,90.0,10.0,0.0,0.0,LOW,77,58
17058,MZL,17.0,43.33,56.67,0.0,0.0,MEDIUM,77,300
17058,AKE,21.0,33.33,66.67,0.0,0.0,MEDIUM,77,14
17058,KMC,29.0,16.67,80.0,3.33,0.0,MEDIUM,77,218
17058,NZB,42.0,13.33,70.0,16.67,0.0,HIGH,77,333
17058,BSX,54.0,6.67,80.0,13.33,0.0,HIGH,77,75
17058,DAB,57.0,6.67,80.0,13.33,0.0,HIGH,77,115
17058,UMRI,53.0,6.67,83.33,10.0,0.0,HIGH,77,458
17058,MUE,29.0,73.33,16.67,10.0,0.0,MEDIUM,77,293
17058,NED,29.0,66.67,23.33,10.0,0.0,MEDIUM,77,312
17058,PAU,24.0,70.0,23.33,6.67,0.0,MEDIUM,77,339
17058,PBN,30.0,80.0,10.0,10.0,0.0,MEDIUM,77,341
17058,MVO,36.0,70.0,20.0,10.0,0.0,HIGH,77,297
17058,SELU,35.0,60.0,30.0,10.0,0.0,HIGH,77,398
17058,PTU,46.0,33.33,56.67,10.0,0.0,HIGH,77,361
17058,AWB,49.0,20.0,70.0,10.0,0.0,HIGH,77,29
17058,LSR,43.0,50.0,40.0,10.0,0.0,HIGH,77,260
17058,RGO,41.0,53.33,36.67,10.0,0.0,HIGH,77,370
17058,MMR,53.0,53.33,33.33,13.33,0.01,HIGH,77,278
17058,NK,62.0,16.67,70.0,13.33,0.0,HIGH,77,319
17058,IGP,39.0,83.33,3.33,13.33,0.01,HIGH,77,184
17058,KYN,53.0,46.67,40.0,13.33,0.0,HIGH,77,249
17058,TNA,62.0,10.0,76.67,13.33,0.0,HIGH,77,441
17058,DR,61.0,20.0,66.67,13.33,0.0,HIGH,77,138
17058,CSMT,39.0,83.33,3.33,13.33,0.01,HIGH,77,108
22651,MAS,3.0,96.67,3.33,0.0,0.0,LOW,88,266
22651,TRL,8.0,90.0,10.0,0.0,0.0,LOW,88,445
22651,AJJ,15.0,66.67,33.33,0.0,0.0,MEDIUM,88,12
22651,KPD,18.0,50.0,50.0,0.0,0.0,MEDIUM,88,228
22651,GYM,24.0,16.67,83.33,0.0,0.0,MEDIUM,88,172
22651,JTJ,12.0,73.33,26.67,0.0,0.0,MEDIUM,88,200
22651,MAP,17.0,53.33,46.67,0.0,0.0,MEDIUM,88,265
22651,SA,14.0,66.67,33.33,0.0,0.0,MEDIUM,88,384
22651,RASP,14.0,70.0,30.0,0.0,0.0,MEDIUM,88,367
22651,NMKL,13.0,66.67,33.33,0.0,0.0,MEDIUM,88,322
22651,MONR,13.0,66.67,33.33,0.0,0.0,MEDIUM,88,280
22651,KRR,11.0,80.0,20.0,0.0,0.0,MEDIUM,88,234
22651,DG,17.0,46.67,53.33,0.0,0.0,MEDIUM,88,121
22651,ODC,14.0,63.33,36.67,0.0,0.0,MEDIUM,88,335
22651,UDT,13.0,60.0,40.0,0.0,0.0,MEDIUM,88,456
22651,POY,8.0,80.0,20.0,0.0,0.0,LOW,88,357
22651,PGTN,1.0,100.0,0.0,0.0,0.0,LOW,88,345
22652,PGT,1.0,100.0,0.0,0.0,0.0,LOW,89,344
22652,PGTN,3.0,100.0,0.0,0.0,0.0,LOW,89,345
22652,POY,1.0,100.0,0.0,0.0,0.0,LOW,89,357
22652,UDT,2.0,100.0,0.0,0.0,0.0,LOW,89,456
22652,PLNI,7.0,96.67,3.33,0.0,0.0,LOW,89,348
22652,ODC,11.0,73.33,26.67,0.0,0.0,MEDIUM,89,335
22652,DG,5.0,96.67,3.33,0.0,0.0,LOW,89,121
22652,KRR,7.0,83.33,16.67,0.0,0.0,LOW,89,234
22652,MONR,11.0,70.0,30.0,0.0,0.0,MEDIUM,89,280
22652,NMKL,13.0,63.33,36.67,0.0,0.0,MEDIUM,89,322
22652,RASP,13.0,63.33,36.67,0.0,0.0,MEDIUM,89,367
22652,SA,5.0,96.67,3.33,0.0,0.0,LOW,89,384
22652,MAP,6.0,86.67,13.33,0.0,0.0,LOW,89,265
22652,JTJ,3.0,96.67,3.33,0.0,0.0,LOW,89,200
22652,GYM,5.0,93.33,6.67,0.0,0.0,LOW,89,172
22652,KPD,7.0,83.33,16.67,0.0,0.0,LOW,89,228
22652,AJJ,10.0,83.33,16.67,0.0,0.0,LOW,89,12
22652,TRL,12.0,66.67,33.33,0.0,0.0,MEDIUM,89,445
22652,PER,18.0,46.67,53.33,0.0,0.0,MEDIUM,89,343
22652,MAS,1.0,93.33,6.67,0.0,0.0,LOW,89,266
12839,HWH,45.0,36.67,46.67,16.67,0.0,HIGH,56,182
12839,KGP,68.0,10.0,50.0,40.0,0.0,HIGH,56,208
12839,BLS,87.0,0.0,46.67,53.33,0.0,HIGH,56,56
12839,BHC,81.0,16.67,40.0,43.33,0.0,HIGH,56,47
12839,JJKR,90.0,6.67,36.67,56.67,0.0,HIGH,56,192
12839,CTC,104.0,0.0,26.67,73.33,0.0,HIGH,56,110
12839,BBS,111.0,0.0,26.67,73.33,0.0,HIGH,56,38
12839,KUR,104.0,3.33,23.33,73.33,0.01,HIGH,56,243
12839,CAP,119.0,0.0,20.0,80.0,0.0,HIGH,56,91
12839,IPM,135.0,0.0,13.33,86.67,0.0,HIGH,56,186
12839,SPT,135.0,0.0,13.33,86.67,0.0,HIGH,56,414
12839,PSA,104.0,6.67,33.33,60.0,0.0,HIGH,56,360
12839,NWP,99.0,6.67,33.33,60.0,0.0,HIGH,56,331
12839,CHE,98.0,10.0,33.33,56.67,0.0,HIGH,56,99
12839,CPP,106.0,6.67,26.67,66.67,0.0,HIGH,56,105
12839,VSKP,103.0,13.33,30.0,56.67,0.0,HIGH,56,468
12839,AKP,106.0,10.0,30.0,60.0,0.0,HIGH,56,15
12839,TUNI,112.0,3.33,33.33,63.33,0.01,HIGH,56,450
12839,ANV,114.0,0.0,33.33,66.67,0.0,HIGH,56,21
12839,SLO,132.0,0.0,13.33,86.67,0.0,HIGH,56,407
12839,RJY,140.0,0.0,13.33,86.67,0.0,HIGH,56,372
12839,NDD,145.0,0.0,13.33,86.67,0.0,HIGH,56,309
12839,TEL,127.0,0.0,26.67,73.33,0.0,HIGH,56,434
12839,BPP,133.0,0.0,20.0,80.0,0.0,HIGH,56,66
12839,CLX,133.0,0.0,20.0,80.0,0.0,HIGH,56,101
12839,OGL,127.0,0.0,26.67,73.33,0.0,HIGH,56,336
12839,NLR,113.0,13.33,23.33,63.33,0.01,HIGH,56,320
12839,GDR,90.0,30.0,26.67,43.33,0.0,HIGH,56,159
12839,MAS,73.0,40.0,13.33,46.67,0.0,HIGH,56,266
12840,MAS,56.0,61.92,11.51,26.3,0.27,HIGH,57,266
12840,GDR,73.0,33.97,33.97,31.78,0.28,HIGH,57,159
12840,NLR,81.0,14.79,52.05,32.88,0.28,HIGH,57,320
12840,OGL,82.0,17.53,48.22,33.97,0.28,HIGH,57,336
12840,CLX,84.0,17.53,47.95,34.25,0.27,HIGH,57,101
12840,BPP,85.0,18.08,45.48,36.16,0.28,HIGH,57,66
12840,BZA,84.0,23.84,39.73,36.16,0.27,HIGH,57,88
12840,EE,94.0,16.44,38.36,44.93,0.27,HIGH,57,143
12840,TDD,99.0,14.79,36.16,48.77,0.28,HIGH,57,433
12840,NDD,103.0,13.97,30.68,55.07,0.28,HIGH,57,309
12840,RJY,122.0,8.22,20.82,70.68,0.28,HIGH,57,372
12840,SLO,121.0,16.44,10.14,73.15,0.27,HIGH,57,407
12840,ANV,124.0,13.97,12.05,73.7,0.28,HIGH,57,21
12840,TUNI,124.0,14.25,11.78,73.7,0.27,HIGH,57,450
12840,AKP,128.0,14.25,9.32,76.16,0.27,HIGH,57,15
12840,VSKP,79.0,40.55,23.01,36.16,0.28,HIGH,57,468
12840,VZM,89.0,21.64,39.73,38.36,0.27,HIGH,57,469
12840,CPP,91.0,17.81,42.47,39.45,0.27,HIGH,57,105
12840,CHE,91.0,20.27,40.55,38.9,0.28,HIGH,57,99
12840,NWP,96.0,15.62,42.74,41.37,0.27,HIGH,57,331
12840,PSA,77.0,47.4,17.26,35.07,0.27,HIGH,57,360
12840,SPT,83.0,41.64,21.37,36.71,0.28,HIGH,57,414
12840,IPM,88.0,31.23,30.68,37.81,0.28,HIGH,57,186
12840,BAM,99.0,7.12,52.6,40.0,0.28,HIGH,57,34
12840,CAP,103.0,2.47,54.52,42.74,0.27,HIGH,57,91
12840,BALU,108.0,2.19,53.15,44.38,0.28,HIGH,57,33
12840,KUR,117.0,4.66,43.01,52.05,0.28,HIGH,57,243
12840,BBS,121.0,3.84,40.82,55.07,0.27,HIGH,57,38
12840,CTC,124.0,4.93,36.99,57.26,0.82,HIGH,57,110
12840,JJKR,127.0,3.84,37.26,58.63,0.27,HIGH,57,192
12840,BHC,87.0,41.64,17.26,40.82,0.28,HIGH,57,47
12840,BLS,101.0,23.84,29.32,46.58,0.26,HIGH,57,56
12840,KGP,123.0,10.14,30.96,58.63,0.27,HIGH,57,208
12840,SRC,158.0,6.3,13.42,80.0,0.28,HIGH,57,415
12840,HWH,129.0,18.63,10.68,69.59,1.1,HIGH,57,182
12163,LTT,12.0,89.32,7.4,3.29,0.0,MEDIUM,14,261
12163,TNA,11.0,90.14,6.85,3.01,0.0,MEDIUM,14,441
12163,KYN,24.0,42.74,53.15,4.11,0.0,MEDIUM,14,249
12163,LNL,35.0,3.01,86.3,5.21,5.48,HIGH,14,258
12163,PUNE,38.0,3.56,87.67,8.77,0.0,HIGH,14,362
12163,SUR,31.0,32.88,58.63,8.49,0.0,HIGH,14,426
12163,WADI,18.0,71.51,22.19,6.3,0.0,MEDIUM,14,470
12163,YG,23.0,59.18,33.97,6.85,0.0,MEDIUM,14,473
12163,SADP,24.0,55.62,37.81,6.58,0.0,MEDIUM,14,385
12163,MALM,30.0,39.73,52.05,8.22,0.0,MEDIUM,14,263
12163,AD,27.0,45.48,47.12,7.4,0.0,MEDIUM,14,5
12163,GTL,24.0,53.97,37.26,8.77,0.0,MEDIUM,14,167
12163,GY,25.0,56.99,34.79,8.22,0.0,MEDIUM,14,171
12163,TU,23.0,59.18,33.7,7.12,0.0,MEDIUM,14,448
12163,YA,24.0,54.25,38.63,7.12,0.0,MEDIUM,14,472
12163,HX,22.0,60.0,33.15,6.85,0.0,MEDIUM,14,183
12163,RJP,28.0,45.21,47.12,7.67,0.0,MEDIUM,14,371
12163,KOU,45.0,0.0,3.01,0.0,96.99,HIGH,14,226
12163,RU,18.0,73.97,20.27,5.75,0.01,MEDIUM,14,383
12163,PUT,19.0,70.14,24.11,5.75,0.0,MEDIUM,14,363
12163,TRT,18.0,69.86,24.11,6.03,0.0,MEDIUM,14,446
12163,AJJ,33.0,26.58,66.3,7.12,0.0,HIGH,14,12
12163,PER,44.0,17.81,67.12,14.52,0.55,HIGH,14,343
12163,MAS,6.0,89.59,4.93,4.93,0.55,LOW,14,266
12164,MAS,1.0,100.0,0.0,0.0,0.0,LOW,15,266
12164,AJJ,13.0,73.33,26.67,0.0,0.0,MEDIUM,15,12
12164,TRT,12.0,76.67,23.33,0.0,0.0,MEDIUM,15,446
12164,PUT,19.0,36.67,63.33,0.0,0.0,MEDIUM,15,363
12164,RU,23.0,26.67,73.33,0.0,0.0,MEDIUM,15,383
12164,KOU,26.0,26.67,73.33,0.0,0.0,MEDIUM,15,226
12164,RJP,34.0,0.0,100.0,0.0,0.0,HIGH,15,371
12164,YA,32.0,16.67,83.33,0.0,0.0,HIGH,15,472
12164,TU,30.0,13.33,86.67,0.0,0.0,MEDIUM,15,448
12164,GY,27.0,16.67,83.33,0.0,0.0,MEDIUM,15,171
12164,GTL,40.0,0.0,93.33,6.67,0.0,HIGH,15,167
12164,AD,39.0,0.0,90.0,10.0,0.0,HIGH,15,5
12164,RC,31.0,10.0,83.33,6.67,0.0,HIGH,15,368
12164,SADP,25.0,33.33,63.33,3.33,0.01,MEDIUM,15,385
12164,YG,25.0,40.0,53.33,6.67,0.0,MEDIUM,15,473
12164,WADI,8.0,90.0,6.67,3.33,0.0,LOW,15,470
12164,KLBG,6.0,93.33,6.67,0.0,0.0,LOW,15,217
12164,SUR,20.0,43.33,53.33,3.33,0.01,MEDIUM,15,426
12164,LNL,34.0,10.0,73.33,16.67,0.0,HIGH,15,258
12164,KYN,51.0,0.0,80.0,20.0,0.0,HIGH,15,249
12164,TNA,54.0,0.0,76.67,23.33,0.0,HIGH,15,441
12164,LTT,9.0,80.0,16.67,3.33,0.0,LOW,15,261
12679,MAS,2.0,100.0,0.0,0.0,0.0,LOW,52,266
12679,AJJ,16.0,60.0,40.0,0.0,0.0,MEDIUM,52,12
12679,KPD,20.0,16.67,83.33,0.0,0.0,MEDIUM,52,228
12679,AB,26.0,6.67,93.33,0.0,0.0,MEDIUM,52,1
12679,JTJ,15.0,63.33,36.67,0.0,0.0,MEDIUM,52,200
12679,SLY,24.0,33.33,63.33,3.33,0.01,MEDIUM,52,408
12679,MAP,28.0,16.67,76.67,6.67,0.0,MEDIUM,52,265
12679,BQI,29.0,16.67,76.67,6.67,0.0,MEDIUM,52,69
12679,SA,22.0,36.67,56.67,6.67,0.0,MEDIUM,52,384
12679,ED,23.0,26.67,66.67,6.67,0.0,MEDIUM,52,142
12679,TUP,28.0,23.33,66.67,10.0,0.0,MEDIUM,52,451
12679,CBF,28.0,16.67,76.67,6.67,0.0,MEDIUM,52,93
12679,CBE,1.0,90.0,10.0,0.0,0.0,LOW,52,92
12680,CBE,1.0,100.0,0.0,0.0,0.0,LOW,53,92
12680,TUP,3.0,100.0,0.0,0.0,0.0,LOW,53,451
12680,ED,6.0,96.67,3.33,0.0,0.0,LOW,53,142
12680,SA,7.0,86.67,13.33,0.0,0.0,LOW,53,384
12680,BQI,5.0,93.33,6.67,0.0,0.0,LOW,53,69
12680,MAP,4.0,93.33,6.67,0.0,0.0,LOW,53,265
12680,SLY,6.0,93.33,6.67,0.0,0.0,LOW,53,408
12680,JTJ,4.0,93.33,6.67,0.0,0.0,LOW,53,200
12680,AB,7.0,90.0,10.0,0.0,0.0,LOW,53,1
12680,KPD,6.0,93.33,6.67,0.0,0.0,LOW,53,228
12680,AJJ,6.0,96.67,3.33,0.0,0.0,LOW,53,12
12680,PER,12.0,76.67,23.33,0.0,0.0,MEDIUM,53,343
12680,MAS,2.0,100.0,0.0,0.0,0.0,LOW,53,266
12925,BDTS,1.0,22.74,0.0,0.0,77.26,LOW,62,41
12925,MMCT,4.0,74.79,2.47,0.0,22.74,LOW,62,277
12925,BVI,16.0,56.99,43.01,0.0,0.0,MEDIUM,62,79
12925,DRD,19.0,44.11,55.07,0.82,0.0,MEDIUM,62,139
12925,VAPI,24.0,29.59,68.77,1.64,0.0,MEDIUM,62,461
12925,BL,30.0,14.52,82.19,3.29,0.0,MEDIUM,62,55
12925,ST,10.0,89.04,9.59,1.37,0.0,LOW,62,423
12925,BH,15.0,68.22,29.59,2.19,0.0,MEDIUM,62,46
12925,MGN,12.0,80.55,17.53,1.92,0.0,MEDIUM,62,272
12925,RTM,13.0,80.27,17.81,1.92,0.0,MEDIUM,62,382
12925,KUH,13.0,73.97,24.38,1.37,0.28,MEDIUM,62,241
12925,NAD,7.0,96.99,1.64,1.37,0.0,LOW,62,302
12925,RMA,10.0,92.05,6.03,1.92,0.0,LOW,62,375
12925,KOTA,11.0,85.48,12.05,2.47,0.0,MEDIUM,62,225
12925,SWM,22.0,50.96,44.38,4.66,0.0,MEDIUM,62,427
12925,GGC,13.0,81.64,14.79,3.56,0.01,MEDIUM,62,161
12925,HAN,17.0,70.41,25.48,4.11,0.0,MEDIUM,62,175
12925,BXN,18.0,68.49,27.4,4.11,0.0,MEDIUM,62,84
12925,BTE,19.0,55.89,41.37,2.74,0.0,MEDIUM,62,76
12925,MTJ,10.0,90.96,7.67,1.37,0.0,LOW,62,292
12925,NZM,17.0,64.38,32.88,2.74,0.0,MEDIUM,62,334
12925,NDLS,13.0,80.0,16.99,3.01,0.0,MEDIUM,62,310
12925,SNP,21.0,53.97,43.01,3.01,0.01,MEDIUM,62,412
12925,BDMJ,35.0,2.19,6.03,0.55,91.23,HIGH,62,40
12925,PNP,27.0,39.45,55.34,5.21,0.0,MEDIUM,62,353
12925,KUN,33.0,24.66,67.4,7.95,0.0,HIGH,62,242
12925,KKDE,38.0,10.96,79.45,9.59,0.0,HIGH,62,214
12925,UMB,13.0,83.56,13.15,3.29,0.0,MEDIUM,62,457
12925,CDG,15.0,75.07,21.37,3.56,0.0,MEDIUM,62,96
12925,SASN,22.0,49.59,46.3,4.11,0.0,MEDIUM,62,387
12925,LDH,14.0,84.66,11.23,4.11,0.0,MEDIUM,62,253
12925,PGW,19.0,71.23,21.92,6.85,0.0,MEDIUM,62,346
12925,JRC,20.0,65.21,27.95,6.85,0.0,MEDIUM,62,197
12925,JUC,19.0,68.49,25.21,6.3,0.0,MEDIUM,62,202
12925,BEAS,19.0,70.68,21.64,7.67,0.01,MEDIUM,62,42
12925,ASR,16.0,78.9,13.42,7.67,0.01,MEDIUM,62,25
12926,ASR,9.0,94.79,3.29,1.92,0.0,LOW,63,25
12926,BEAS,22.0,51.78,46.3,1.92,0.0,MEDIUM,63,42
12926,JUC,17.0,71.23,26.03,2.74,0.0,MEDIUM,63,202
12926,JRC,20.0,60.27,36.71,3.01,0.01,MEDIUM,63,197
12926,LDH,22.0,55.89,39.73,4.38,0.0,MEDIUM,63,253
12926,SASN,12.0,91.78,5.75,2.47,0.0,MEDIUM,63,387
12926,CDG,11.0,94.79,2.19,3.01,0.01,MEDIUM,63,96
12926,UMB,11.0,92.33,4.38,3.29,0.0,MEDIUM,63,457
12926,KKDE,20.0,71.78,24.38,3.84,0.0,MEDIUM,63,214
12926,KUN,22.0,60.82,35.34,3.56,0.28,MEDIUM,63,242
12926,PNP,25.0,50.41,45.48,4.11,0.0,MEDIUM,63,353
12926,BDMJ,19.0,4.11,4.38,0.27,91.24,MEDIUM,63,40
12926,SNP,28.0,41.92,53.42,4.66,0.0,MEDIUM,63,412
12926,SZM,34.0,23.01,70.96,6.03,0.0,HIGH,63,428
12926,NDLS,21.0,66.58,28.49,4.93,0.0,MEDIUM,63,310
12926,FDB,48.0,6.85,84.38,8.77,0.0,HIGH,63,149
12926,MTJ,18.0,84.11,10.68,5.21,0.0,MEDIUM,63,292
12926,BXN,18.0,83.29,11.23,5.48,0.0,MEDIUM,63,84
12926,SMVJ,14.0,1.64,0.55,0.0,97.81,MEDIUM,63,411
12926,GGC,22.0,72.05,21.64,6.3,0.01,MEDIUM,63,161
12926,SWM,24.0,61.64,31.51,6.85,0.0,MEDIUM,63,427
12926,KOTA,29.0,53.7,36.71,9.59,0.0,MEDIUM,63,225
12926,RMA,29.0,51.51,39.45,9.04,0.0,MEDIUM,63,375
12926,SGZ,26.0,56.71,36.16,7.12,0.01,MEDIUM,63,401
12926,NAD,13.0,93.7,2.74,3.56,0.0,MEDIUM,63,302
12926,KUH,17.0,89.04,7.4,3.56,0.0,MEDIUM,63,241
12926,RTM,15.0,88.77,7.4,3.84,0.0,MEDIUM,63,382
12926,MGN,18.0,83.84,12.05,4.11,0.0,MEDIUM,63,272
12926,DHD,18.0,81.37,14.52,4.11,0.0,MEDIUM,63,124
12926,GDA,14.0,93.42,3.29,3.29,0.0,MEDIUM,63,158
12926,BH,18.0,82.19,14.25,3.56,0.0,MEDIUM,63,46
12926,ST,15.0,86.58,9.32,4.11,0.0,MEDIUM,63,423
12926,NVS,17.0,81.64,13.7,4.66,0.0,MEDIUM,63,330
12926,BL,25.0,49.59,44.66,5.75,0.0,MEDIUM,63,55
12926,VAPI,24.0,58.36,34.52,7.12,0.0,MEDIUM,63,461
12926,DRD,28.0,47.95,43.84,8.22,0.0,MEDIUM,63,139
12926,BVI,29.0,40.55,51.23,8.22,0.0,MEDIUM,63,79
12926,BDTS,5.0,20.55,0.55,1.1,77.8,LOW,63,41
12926,MMCT,16.0,63.56,7.12,6.03,23.29,MEDIUM,63,277
12137,CSMT,12.0,96.16,0.82,3.01,0.01,MEDIUM,12,108
12137,DR,17.0,94.52,2.47,3.01,0.0,MEDIUM,12,138
12137,KYN,29.0,22.19,73.97,3.56,0.28,MEDIUM,12,249
12137,KSRA,27.0,39.73,55.89,3.84,0.54,MEDIUM,12,237
12137,MMR,33.0,28.49,66.03,5.21,0.27,HIGH,12,278
12137,CSN,40.0,12.6,81.1,6.03,0.27,HIGH,12,109
12137,JL,40.0,16.71,76.44,6.85,0.0,HIGH,12,193
12137,BSL,35.0,29.04,64.38,6.58,0.0,HIGH,12,73
12137,BAU,35.0,26.3,67.12,6.58,0.0,HIGH,12,37
12137,KNW,16.0,89.32,6.85,3.84,0.0,MEDIUM,12,221
12137,KKN,20.0,74.25,21.37,4.38,0.0,MEDIUM,12,215
12137,HD,28.0,44.93,49.32,5.75,0.0,MEDIUM,12,177
12137,BPF,37.0,12.6,80.27,7.12,0.01,HIGH,12,64
12137,ET,16.0,86.03,9.32,4.66,0.0,MEDIUM,12,147
12137,NDPM,19.0,78.9,16.44,4.66,0.0,MEDIUM,12,311
12137,RKMP,19.0,74.25,21.1,4.66,0.0,MEDIUM,12,374
12137,BPL,26.0,53.15,42.19,4.66,0.0,MEDIUM,12,65
12137,BHS,37.0,17.81,73.7,8.49,0.0,HIGH,12,49
12137,BAQ,42.0,7.12,83.01,9.86,0.01,HIGH,12,35
12137,BINA,18.0,80.82,12.05,7.12,0.01,MEDIUM,12,50
12137,LAR,28.0,53.15,38.63,8.22,0.0,MEDIUM,12,252
12137,BAB,35.0,38.08,52.88,9.04,0.0,HIGH,12,32
12137,VGLJ,30.0,55.07,36.99,7.95,0.0,MEDIUM,12,463
12137,DAA,35.0,40.27,49.59,10.14,0.0,HIGH,12,114
12137,GWL,55.0,5.75,79.45,14.79,0.01,HIGH,12,170
12137,MRA,56.0,1.1,81.64,17.26,0.0,HIGH,12,284
12137,DHO,21.0,79.45,12.05,8.49,0.01,MEDIUM,12,126
12137,AGC,26.0,69.04,21.64,9.32,0.0,MEDIUM,12,8
12137,RKM,28.0,64.11,26.3,9.59,0.0,MEDIUM,12,373
12137,MTJ,41.0,21.37,65.75,12.88,0.0,HIGH,12,292
12137,KSV,48.0,4.93,81.1,13.97,0.0,HIGH,12,238
12137,FDB,26.0,75.89,14.52,9.59,0.0,MEDIUM,12,149
12137,NZM,36.0,50.41,38.36,11.23,0.0,HIGH,12,334
12137,NDLS,43.0,35.07,51.51,13.42,0.0,HIGH,12,310
12137,DKZ,49.0,21.64,62.19,16.16,0.01,HIGH,12,129
12137,SSB,55.0,14.52,62.74,22.74,0.0,HIGH,12,421
12137,BGZ,61.0,4.93,67.95,27.12,0.0,HIGH,12,45
12137,ROK,64.0,3.84,66.03,30.14,0.0,HIGH,12,380
12137,JIND,64.0,7.67,62.19,30.14,0.0,HIGH,12,191
12137,NRW,65.0,7.12,60.82,32.05,0.01,HIGH,12,327
12137,JHL,62.0,13.42,55.07,31.51,0.0,HIGH,12,190
12137,BRZ,64.0,10.41,56.16,33.42,0.01,HIGH,12,72
12137,MSZ,68.0,7.95,55.62,36.44,0.0,HIGH,12,290
12137,MAUR,70.0,6.58,55.07,38.36,0.0,HIGH,12,267
12137,BTI,49.0,40.55,39.45,20.0,0.0,HIGH,12,77
12137,GNA,57.0,30.14,45.21,24.66,0.0,HIGH,12,165
12137,FDK,66.0,25.21,40.27,34.52,0.0,HIGH,12,150
12137,FZR,39.0,53.42,31.23,15.34,0.01,HIGH,12,155
12138,FDK,12.0,93.15,6.58,0.27,0.0,MEDIUM,13,150
12138,KKP,16.0,69.04,30.41,0.55,0.0,MEDIUM,13,216
12138,GJUT,14.0,86.03,13.15,0.82,0.0,MEDIUM,13,164
12138,GNA,13.0,86.3,12.6,1.1,0.0,MEDIUM,13,165
12138,BTI,6.0,96.71,2.74,0.55,0.0,LOW,13,77
12138,MAUR,13.0,90.96,8.22,0.82,0.0,MEDIUM,13,267
12138,MSZ,15.0,86.58,12.6,0.82,0.0,MEDIUM,13,290
12138,BLZ,16.0,84.93,13.42,1.64,0.01,MEDIUM,13,57
12138,BRZ,18.0,79.45,18.9,1.64,0.01,MEDIUM,13,72
12138,JHL,15.0,85.75,12.33,1.92,0.0,MEDIUM,13,190
12138,TUN,15.0,84.66,12.88,2.47,0.0,MEDIUM,13,449
12138,NRW,21.0,57.81,38.9,3.29,0.0,MEDIUM,13,327
12138,ROK,15.0,75.34,20.27,4.38,0.01,MEDIUM,13,380
12138,BGZ,18.0,67.4,27.4,5.21,0.0,MEDIUM,13,45
12138,SSB,14.0,81.92,13.97,4.11,0.0,MEDIUM,13,421
12138,DKZ,17.0,76.44,18.36,5.21,0.0,MEDIUM,13,129
12138,NDLS,15.0,81.64,12.88,5.48,0.0,MEDIUM,13,310
12138,FDB,25.0,64.38,22.19,13.42,0.01,MEDIUM,13,149
12138,KSV,29.0,63.56,20.0,16.44,0.0,MEDIUM,13,238
12138,MTJ,42.0,14.52,67.4,18.08,0.0,HIGH,13,292
12138,RKM,54.0,0.55,78.08,21.37,0.0,HIGH,13,373
12138,AGC,48.0,1.64,80.0,18.36,0.0,HIGH,13,8
12138,DHO,27.0,56.71,33.7,9.59,0.0,MEDIUM,13,126
12138,MRA,23.0,69.04,20.82,10.14,0.0,MEDIUM,13,284
12138,DBA,37.0,38.63,47.95,13.15,0.27,HIGH,13,116
12138,DAA,48.0,6.85,75.89,16.99,0.27,HIGH,13,114
12138,VGLJ,27.0,63.56,25.21,10.96,0.27,MEDIUM,13,463
12138,BAB,33.0,48.77,38.36,12.6,0.27,HIGH,13,32
12138,LAR,43.0,22.47,61.37,15.89,0.27,HIGH,13,252
12138,BINA,34.0,63.01,21.64,15.34,0.01,HIGH,13,50
12138,BAQ,43.0,35.89,45.75,18.36,0.0,HIGH,13,35
12138,BHS,51.0,14.79,64.38,20.82,0.01,HIGH,13,49
12138,RKMP,46.0,37.26,40.0,22.74,0.0,HIGH,13,374
12138,NDPM,49.0,32.88,42.19,24.93,0.0,HIGH,13,311
12138,ET,50.0,29.86,46.3,23.84,0.0,HIGH,13,147
12138,BPF,61.0,5.21,67.4,27.4,0.0,HIGH,13,64
12138,HD,70.0,1.1,66.85,32.05,0.0,HIGH,13,177
12138,KKN,75.0,0.0,63.29,36.71,0.0,HIGH,13,215
12138,KNW,39.0,61.37,17.53,21.1,0.0,HIGH,13,221
12138,BSL,52.0,28.49,49.32,22.19,0.0,HIGH,13,73
12138,JL,49.0,35.62,43.29,21.1,0.0,HIGH,13,193
12138,CSN,57.0,20.0,55.89,24.11,0.0,HIGH,13,109
12138,MMR,65.0,8.77,64.66,26.58,0.0,HIGH,13,278
12138,NK,62.0,10.41,63.56,26.03,0.0,HIGH,13,319
12138,KYN,47.0,41.92,37.53,20.55,0.0,HIGH,13,249
12138,DR,51.0,29.86,48.77,21.37,0.0,HIGH,13,138
12138,CSMT,36.0,61.37,17.81,19.73,1.09,HIGH,13,108
12509,SMVB,6.0,91.67,8.33,0.0,0.0,LOW,40,410
12509,KJM,23.0,33.33,58.33,8.33,0.01,MEDIUM,40,213
12509,BWT,23.0,41.67,50.0,8.33,0.0,MEDIUM,40,83
12509,JTJ,15.0,66.67,25.0,8.33,0.0,MEDIUM,40,200
12509,KPD,11.0,83.33,16.67,0.0,0.0,MEDIUM,40,228
12509,PER,31.0,25.0,58.33,16.67,0.0,HIGH,40,343
12509,BZA,55.0,8.33,50.0,41.67,0.0,HIGH,40,88
12509,RJY,70.0,8.33,50.0,41.67,0.0,HIGH,40,372
12509,VSKP,48.0,33.33,41.67,25.0,0.0,HIGH,40,468
12509,VZM,62.0,25.0,25.0,50.0,0.0,HIGH,40,469
12509,CHE,71.0,8.33,25.0,66.67,0.0,HIGH,40,99
12509,PSA,65.0,8.33,41.67,50.0,0.0,HIGH,40,360
12509,BAM,77.0,0.0,25.0,75.0,0.0,HIGH,40,34
12509,BALU,82.0,0.0,16.67,83.33,0.0,HIGH,40,33
12509,KUR,79.0,8.33,16.67,75.0,0.0,HIGH,40,243
12509,BBS,79.0,0.0,25.0,75.0,0.0,HIGH,40,38
12509,CTC,0.0,100.0,0.0,0.0,0.0,LOW,40,110
12509,BLS,174.0,0.0,0.0,100.0,0.0,HIGH,40,56
12509,KGP,205.0,0.0,0.0,100.0,0.0,HIGH,40,208
12509,DKAE,240.0,0.0,0.0,100.0,0.0,HIGH,40,128
12509,BHP,249.0,0.0,0.0,100.0,0.0,HIGH,40,48
12509,RPH,245.0,0.0,0.0,100.0,0.0,HIGH,40,381
12509,NFK,208.0,0.0,0.0,100.0,0.0,HIGH,40,313
12509,MLDT,197.0,0.0,0.0,100.0,0.0,HIGH,40,274
12509,BOE,222.0,0.0,0.0,100.0,0.0,HIGH,40,62
12509,KNE,238.0,0.0,0.0,100.0,0.0,HIGH,40,220
12509,NJP,241.0,0.0,0.0,100.0,0.0,HIGH,40,317
12509,JPE,219.0,0.0,0.0,100.0,0.0,HIGH,40,196
12509,DQG,221.0,0.0,0.0,100.0,0.0,HIGH,40,137
12509,NCB,225.0,0.0,0.0,100.0,0.0,HIGH,40,305
12509,NOQ,232.0,0.0,0.0,100.0,0.0,HIGH,40,326
12509,KOJ,252.0,0.0,0.0,100.0,0.0,HIGH,40,222
12509,NBQ,222.0,0.0,0.0,100.0,0.0,HIGH,40,304
12509,BPRD,230.0,0.0,0.0,100.0,0.0,HIGH,40,68
12509,RNY,248.0,0.0,0.0,100.0,0.0,HIGH,40,379
12509,KYQ,225.0,0.0,0.0,100.0,0.0,HIGH,40,250
12509,GHY,208.0,0.0,8.33,91.67,0.0,HIGH,40,163
12510,GHY,2.0,100.0,0.0,0.0,0.0,LOW,41,163
12510,RNY,8.0,92.31,7.69,0.0,0.0,LOW,41,379
12510,BPRD,14.0,61.54,38.46,0.0,0.0,MEDIUM,41,68
12510,NBQ,3.0,100.0,0.0,0.0,0.0,LOW,41,304
12510,KOJ,7.0,92.31,7.69,0.0,0.0,LOW,41,222
12510,NOQ,18.0,30.77,69.23,0.0,0.0,MEDIUM,41,326
12510,NCB,21.0,23.08,76.92,0.0,0.0,MEDIUM,41,305
12510,DQG,29.0,7.69,92.31,0.0,0.0,MEDIUM,41,137
12510,JPE,22.0,38.46,61.54,0.0,0.0,MEDIUM,41,196
12510,NJP,8.0,76.92,23.08,0.0,0.0,LOW,41,317
12510,KNE,20.0,69.23,30.77,0.0,0.0,MEDIUM,41,220
12510,BOE,19.0,38.46,61.54,0.0,0.0,MEDIUM,41,62
12510,MLDT,12.0,76.92,15.38,7.69,0.01,MEDIUM,41,274
12510,NFK,21.0,69.23,15.38,15.38,0.01,MEDIUM,41,313
12510,RPH,19.0,69.23,15.38,15.38,0.01,MEDIUM,41,381
12510,BHP,24.0,53.85,30.77,15.38,0.0,MEDIUM,41,48
12510,DKAE,58.0,0.0,53.85,46.15,0.0,HIGH,41,128
12510,KGP,78.0,0.0,46.15,53.85,0.0,HIGH,41,208
12510,BHC,97.0,0.0,23.08,76.92,0.0,HIGH,41,47
12510,JJKR,97.0,0.0,23.08,76.92,0.0,HIGH,41,192
12510,CTC,131.0,0.0,15.38,84.62,0.0,HIGH,41,110
12510,BBS,124.0,0.0,7.69,92.31,0.0,HIGH,41,38
12510,KUR,119.0,0.0,15.38,84.62,0.0,HIGH,41,243
12510,BALU,126.0,0.0,7.69,92.31,0.0,HIGH,41,33
12510,BAM,123.0,0.0,7.69,92.31,0.0,HIGH,41,34
12510,PSA,110.0,0.0,15.38,84.62,0.0,HIGH,41,360
12510,CHE,112.0,0.0,15.38,84.62,0.0,HIGH,41,99
12510,VZM,124.0,0.0,7.69,92.31,0.0,HIGH,41,469
12510,VSKP,133.0,0.0,15.38,84.62,0.0,HIGH,41,468
12510,RJY,161.0,0.0,15.38,84.62,0.0,HIGH,41,372
12510,BZA,158.0,0.0,15.38,84.62,0.0,HIGH,41,88
12510,PER,200.0,0.0,7.69,92.31,0.0,HIGH,41,343
12510,AJJ,201.0,7.69,0.0,92.31,0.0,HIGH,41,12
12510,KPD,187.0,7.69,7.69,84.62,0.0,HIGH,41,228
12510,JTJ,182.0,7.69,7.69,84.62,0.0,HIGH,41,200
12510,BWT,198.0,7.69,7.69,84.62,0.0,HIGH,41,83
12510,KJM,208.0,0.0,15.38,84.62,0.0,HIGH,41,213
12510,SMVB,169.0,15.38,0.0,84.62,0.0,HIGH,41,410
16339,CSMT,5.0,94.12,0.0,5.88,0.0,LOW,74,108
16339,DR,9.0,94.12,0.0,5.88,0.0,LOW,74,138
16339,TNA,13.0,88.24,5.88,5.88,0.0,MEDIUM,74,441
16339,KYN,26.0,5.88,88.24,5.88,0.0,MEDIUM,74,249
16339,PUNE,31.0,11.76,82.35,5.88,0.01,HIGH,74,362
16339,KWV,35.0,0.0,88.24,11.76,0.0,HIGH,74,247
16339,SUR,52.0,0.0,88.24,11.76,0.0,HIGH,74,426
16339,SDB,27.0,29.41,58.82,11.76,0.01,MEDIUM,74,393
16339,WADI,10.0,88.24,5.88,5.88,0.0,LOW,74,470
16339,YG,14.0,82.35,11.76,5.88,0.01,MEDIUM,74,473
16339,RC,18.0,64.71,29.41,5.88,0.0,MEDIUM,74,368
16339,AD,26.0,47.06,47.06,5.88,0.0,MEDIUM,74,5
16339,GTL,19.0,58.82,35.29,5.88,0.01,MEDIUM,74,167
16339,ATP,25.0,41.18,52.94,5.88,0.0,MEDIUM,74,26
16339,KRY,23.0,58.82,35.29,5.88,0.01,MEDIUM,74,235
16339,MPL,28.0,35.29,58.82,5.88,0.01,MEDIUM,74,283
16339,PAK,36.0,11.76,82.35,5.88,0.01,HIGH,74,338
16339,CTO,35.0,17.65,70.59,11.76,0.0,HIGH,74,111
16339,KPD,19.0,47.06,52.94,0.0,0.0,MEDIUM,74,228
16339,TPT,13.0,70.59,29.41,0.0,0.0,MEDIUM,74,443
16339,SA,23.0,11.76,88.24,0.0,0.0,MEDIUM,74,384
16339,KRR,6.0,94.12,5.88,0.0,0.0,LOW,74,234
16339,DG,6.0,94.12,5.88,0.0,0.0,LOW,74,121
16339,KQN,15.0,64.71,35.29,0.0,0.0,MEDIUM,74,230
16339,MDU,8.0,76.47,23.53,0.0,0.0,LOW,74,270
16339,VPT,10.0,76.47,23.53,0.0,0.0,LOW,74,466
16339,SRT,10.0,76.47,23.53,0.0,0.0,LOW,74,419
16339,CVP,9.0,82.35,17.65,0.0,0.0,LOW,74,113
16339,TEN,0.0,100.0,0.0,0.0,0.0,LOW,74,435
16339,NNN,3.0,100.0,0.0,0.0,0.0,LOW,74,325
16340,NCJ,1.0,100.0,0.0,0.0,0.0,LOW,75,306
16340,VLY,0.0,100.0,0.0,0.0,0.0,LOW,75,464
16340,NNN,2.0,100.0,0.0,0.0,0.0,LOW,75,325
16340,TEN,2.0,100.0,0.0,0.0,0.0,LOW,75,435
16340,VPT,8.0,81.25,18.75,0.0,0.0,LOW,75,466
16340,MDU,19.0,56.25,31.25,12.5,0.0,MEDIUM,75,270
16340,DG,39.0,37.5,31.25,31.25,0.0,HIGH,75,121
16340,KRR,43.0,12.5,50.0,37.5,0.0,HIGH,75,234
16340,SA,16.0,56.25,43.75,0.0,0.0,MEDIUM,75,384
16340,SLY,40.0,0.0,93.75,6.25,0.0,HIGH,75,408
16340,CTO,15.0,75.0,25.0,0.0,0.0,MEDIUM,75,111
16340,PAK,28.0,0.0,93.75,6.25,0.0,MEDIUM,75,338
16340,PIL,31.0,0.0,93.75,6.25,0.0,HIGH,75,347
16340,MPL,34.0,6.25,87.5,6.25,0.0,HIGH,75,283
16340,KRY,27.0,37.5,56.25,6.25,0.0,MEDIUM,75,235
16340,DMM,11.0,75.0,25.0,0.0,0.0,MEDIUM,75,132
16340,ATP,10.0,68.75,31.25,0.0,0.0,LOW,75,26
16340,GTL,15.0,56.25,43.75,0.0,0.0,MEDIUM,75,167
16340,AD,24.0,25.0,75.0,0.0,0.0,MEDIUM,75,5
16340,MALM,24.0,18.75,75.0,6.25,0.0,MEDIUM,75,263
16340,YG,19.0,37.5,62.5,0.0,0.0,MEDIUM,75,473
16340,WADI,10.0,81.25,18.75,0.0,0.0,LOW,75,470
16340,SDB,10.0,81.25,18.75,0.0,0.0,LOW,75,393
16340,KLBG,17.0,56.25,43.75,0.0,0.0,MEDIUM,75,217
16340,SUR,18.0,43.75,56.25,0.0,0.0,MEDIUM,75,426
16340,KWV,19.0,43.75,56.25,0.0,0.0,MEDIUM,75,247
16340,DD,7.0,87.5,12.5,0.0,0.0,LOW,75,118
16340,PUNE,14.0,68.75,31.25,0.0,0.0,MEDIUM,75,362
16340,KYN,29.0,12.5,81.25,6.25,0.0,MEDIUM,75,249
16340,TNA,31.0,12.5,81.25,6.25,0.0,HIGH,75,441
16340,DR,27.0,18.75,75.0,6.25,0.0,MEDIUM,75,138
16340,CSMT,17.0,62.5,37.5,0.0,0.0,MEDIUM,75,108
16127,MS,0.0,100.0,0.0,0.0,0.0,LOW,72,286
16127,CGL,3.0,96.67,3.33,0.0,0.0,LOW,72,97
16127,MLMR,16.0,63.33,36.67,0.0,0.0,MEDIUM,72,275
16127,TMV,15.0,56.67,43.33,0.0,0.0,MEDIUM,72,440
16127,VM,3.0,93.33,6.67,0.0,0.0,LOW,72,465
16127,VRI,4.0,93.33,6.67,0.0,0.0,LOW,72,467
16127,PNDM,3.0,93.33,6.67,0.0,0.0,LOW,72,351
16127,ALU,19.0,70.0,26.67,3.33,0.0,MEDIUM,72,17
16127,SRGM,18.0,70.0,26.67,3.33,0.0,MEDIUM,72,417
16127,TPJ,8.0,86.67,10.0,3.33,0.0,LOW,72,442
16127,MPA,16.0,80.0,16.67,3.33,0.0,MEDIUM,72,282
16127,DG,20.0,46.67,50.0,3.33,0.0,MEDIUM,72,121
16127,KQN,21.0,33.33,63.33,3.33,0.01,MEDIUM,72,230
16127,SDN,27.0,16.67,80.0,3.33,0.0,MEDIUM,72,396
16127,KON,27.0,20.0,76.67,3.33,0.0,MEDIUM,72,223
16127,MDU,15.0,60.0,36.67,3.33,0.0,MEDIUM,72,270
16127,VPT,13.0,73.33,23.33,3.33,0.01,MEDIUM,72,466
16127,SRT,13.0,73.33,23.33,3.33,0.01,MEDIUM,72,419
16127,CVP,22.0,43.33,53.33,3.33,0.01,MEDIUM,72,113
16127,MEJ,27.0,33.33,63.33,3.33,0.01,MEDIUM,72,271
16127,TEN,22.0,40.0,56.67,3.33,0.0,MEDIUM,72,435
16127,NNN,27.0,33.33,63.33,3.33,0.01,MEDIUM,72,325
16127,VLY,26.0,33.33,63.33,3.33,0.01,MEDIUM,72,464
16127,AAY,24.0,36.67,60.0,3.33,0.0,MEDIUM,72,0
16127,NJT,16.0,60.0,36.67,3.33,0.0,MEDIUM,72,318
16127,KZT,30.0,23.33,73.33,3.33,0.01,MEDIUM,72,251
16127,TVC,30.0,20.0,73.33,6.67,0.0,MEDIUM,72,452
16127,CRY,14.0,80.0,6.67,13.33,0.0,MEDIUM,72,107
16127,KVU,53.0,6.67,70.0,23.33,0.0,HIGH,72,245
16127,PVU,59.0,6.67,60.0,33.33,0.0,HIGH,72,365
16127,QLN,59.0,13.33,53.33,33.33,0.01,HIGH,72,366
16127,KYJ,69.0,0.0,50.0,50.0,0.0,HIGH,72,248
16127,HAD,70.0,0.0,46.67,53.33,0.0,HIGH,72,174
16127,ALLP,73.0,0.0,36.67,63.33,0.0,HIGH,72,16
16127,SRTL,77.0,0.0,30.0,70.0,0.0,HIGH,72,420
16127,ERS,43.0,16.67,60.0,23.33,0.0,HIGH,72,146
16127,ERN,45.0,10.0,66.67,23.33,0.0,HIGH,72,145
16127,AWY,42.0,10.0,66.67,23.33,0.0,HIGH,72,30
16127,AFK,46.0,6.67,70.0,23.33,0.0,HIGH,72,7
16127,IJK,54.0,6.67,63.33,30.0,0.0,HIGH,72,185
16127,TCR,30.0,53.33,20.0,26.67,0.0,MEDIUM,72,432
16127,PNQ,36.0,43.33,26.67,30.0,0.0,HIGH,72,354
16127,GUV,22.0,70.0,13.33,16.67,0.0,MEDIUM,72,169
16128,PNQ,8.0,90.0,10.0,0.0,0.0,LOW,73,354
16128,TCR,11.0,83.33,16.67,0.0,0.0,MEDIUM,73,432
16128,IJK,17.0,60.0,40.0,0.0,0.0,MEDIUM,73,185
16128,AFK,23.0,26.67,70.0,3.33,0.0,MEDIUM,73,7
16128,AWY,29.0,6.67,90.0,3.33,0.0,MEDIUM,73,30
16128,ERN,29.0,6.67,90.0,3.33,0.0,MEDIUM,73,145
16128,ERS,27.0,13.33,83.33,3.33,0.01,MEDIUM,73,146
16128,SRTL,29.0,10.0,86.67,3.33,0.0,MEDIUM,73,420
16128,ALLP,31.0,6.67,90.0,3.33,0.0,HIGH,73,16
16128,HAD,33.0,6.67,90.0,3.33,0.0,HIGH,73,174
16128,KYJ,33.0,6.67,90.0,3.33,0.0,HIGH,73,248
16128,PVU,33.0,6.67,90.0,3.33,0.0,HIGH,73,365
16128,VAK,38.0,6.67,86.67,6.67,0.0,HIGH,73,460
16128,CRY,8.0,86.67,13.33,0.0,0.0,LOW,73,107
16128,TVC,29.0,0.0,96.67,3.33,0.0,MEDIUM,73,452
16128,NYY,36.0,0.0,96.67,3.33,0.0,HIGH,73,332
16128,KZT,39.0,0.0,93.33,6.67,0.0,HIGH,73,251
16128,ERL,49.0,0.0,93.33,6.67,0.0,HIGH,73,144
16128,NJT,50.0,0.0,93.33,6.67,0.0,HIGH,73,318
16128,VLY,34.0,0.0,96.67,3.33,0.0,HIGH,73,464
16128,NNN,36.0,0.0,96.67,3.33,0.0,HIGH,73,325
16128,TEN,5.0,93.33,6.67,0.0,0.0,LOW,73,435
16128,MEJ,8.0,86.67,13.33,0.0,0.0,LOW,73,271
16128,CVP,11.0,83.33,16.67,0.0,0.0,MEDIUM,73,113
16128,SRT,14.0,66.67,33.33,0.0,0.0,MEDIUM,73,419
16128,VPT,20.0,40.0,60.0,0.0,0.0,MEDIUM,73,466
16128,MDU,5.0,90.0,10.0,0.0,0.0,LOW,73,270
16128,SDN,8.0,76.67,23.33,0.0,0.0,LOW,73,396
16128,KQN,8.0,73.33,26.67,0.0,0.0,LOW,73,230
16128,DG,7.0,76.67,23.33,0.0,0.0,LOW,73,121
16128,MPA,7.0,80.0,20.0,0.0,0.0,LOW,73,282
16128,TPJ,37.0,16.67,73.33,10.0,0.0,HIGH,73,442
16128,SRGM,38.0,16.67,66.67,16.67,0.0,HIGH,73,417
16128,ALU,43.0,6.67,76.67,16.67,0.0,HIGH,73,17
16128,PNDM,24.0,36.67,60.0,3.33,0.0,MEDIUM,73,351
16128,VM,10.0,76.67,23.33,0.0,0.0,LOW,73,465
16128,TMV,16.0,60.0,40.0,0.0,0.0,MEDIUM,73,440
16128,MLMR,14.0,60.0,40.0,0.0,0.0,MEDIUM,73,275
16128,CGL,13.0,60.0,40.0,0.0,0.0,MEDIUM,73,97
16128,TBM,19.0,36.67,63.33,0.0,0.0,MEDIUM,73,431
16128,MBM,0.0,100.0,0.0,0.0,0.0,LOW,73,268
16128,MS,1.0,100.0,0.0,0.0,0.0,LOW,73,286
22601,MAS,1.0,100.0,0.0,0.0,0.0,LOW,86,266
22601,KPD,55.0,75.0,0.0,25.0,0.0,HIGH,86,228
22601,KPN,59.0,75.0,0.0,25.0,0.0,HIGH,86,229
22601,BWT,63.0,50.0,25.0,25.0,0.0,HIGH,86,83
22601,MLO,59.0,50.0,25.0,25.0,0.0,HIGH,86,276
22601,KJM,73.0,25.0,50.0,25.0,0.0,HIGH,86,213
22601,YNK,59.0,75.0,0.0,25.0,0.0,HIGH,86,475
22601,HUP,62.0,75.0,0.0,25.0,0.0,HIGH,86,181
22601,DMM,65.0,75.0,0.0,25.0,0.0,HIGH,86,132
22601,ATP,64.0,75.0,0.0,25.0,0.0,HIGH,86,26
22601,GTL,70.0,75.0,0.0,25.0,0.0,HIGH,86,167
22601,AD,66.0,75.0,0.0,25.0,0.0,HIGH,86,5
22601,MALM,61.0,75.0,0.0,25.0,0.0,HIGH,86,263
22601,RC,61.0,75.0,0.0,25.0,0.0,HIGH,86,368
22601,WADI,54.0,50.0,25.0,25.0,0.0,HIGH,86,470
22601,KLBG,67.0,25.0,50.0,25.0,0.0,HIGH,86,217
22601,SUR,66.0,0.0,75.0,25.0,0.0,HIGH,86,426
22601,DD,59.0,25.0,50.0,25.0,0.0,HIGH,86,118
22601,ANG,90.0,0.0,50.0,50.0,0.0,HIGH,86,18
22601,SNSI,40.0,75.0,0.0,25.0,0.0,HIGH,86,413
22602,SNSI,2.0,100.0,0.0,0.0,0.0,LOW,87,413
22602,DD,18.0,50.0,50.0,0.0,0.0,MEDIUM,87,118
22602,SUR,30.0,25.0,75.0,0.0,0.0,MEDIUM,87,426
22602,KLBG,26.0,0.0,100.0,0.0,0.0,MEDIUM,87,217
22602,RC,13.0,50.0,50.0,0.0,0.0,MEDIUM,87,368
22602,AD,17.0,75.0,25.0,0.0,0.0,MEDIUM,87,5
22602,GTL,15.0,50.0,50.0,0.0,0.0,MEDIUM,87,167
22602,ATP,21.0,50.0,50.0,0.0,0.0,MEDIUM,87,26
22602,DMM,0.0,100.0,0.0,0.0,0.0,LOW,87,132
22602,SSPN,13.0,50.0,50.0,0.0,0.0,MEDIUM,87,422
22602,HUP,12.0,75.0,25.0,0.0,0.0,MEDIUM,87,181
22602,YNK,19.0,25.0,75.0,0.0,0.0,MEDIUM,87,475
22602,KJM,4.0,75.0,25.0,0.0,0.0,LOW,87,213
22602,MLO,8.0,75.0,25.0,0.0,0.0,LOW,87,276
22602,BWT,8.0,75.0,25.0,0.0,0.0,LOW,87,83
22602,KPN,12.0,50.0,50.0,0.0,0.0,MEDIUM,87,229
22602,JTJ,2.0,100.0,0.0,0.0,0.0,LOW,87,200
22602,KPD,5.0,100.0,0.0,0.0,0.0,LOW,87,228
22602,PER,19.0,50.0,50.0,0.0,0.0,MEDIUM,87,343
22602,MAS,10.0,75.0,25.0,0.0,0.0,LOW,87,266
12009,MMCT,1.0,100.0,0.0,0.0,0.0,LOW,6,277
12009,BVI,13.0,72.0,28.0,0.0,0.0,MEDIUM,6,79
12009,VAPI,19.0,16.0,84.0,0.0,0.0,MEDIUM,6,461
12009,ST,10.0,84.0,16.0,0.0,0.0,LOW,6,423
12009,BH,13.0,72.0,28.0,0.0,0.0,MEDIUM,6,46
12009,BRC,7.0,96.0,4.0,0.0,0.0,LOW,6,70
12009,ANND,8.0,92.0,8.0,0.0,0.0,LOW,6,20
12009,ND,7.0,96.0,4.0,0.0,0.0,LOW,6,307
12010,ADI,0.0,100.0,0.0,0.0,0.0,LOW,7,6
12010,ND,9.0,84.0,16.0,0.0,0.0,LOW,7,307
12010,ANND,5.0,96.0,4.0,0.0,0.0,LOW,7,20
12010,BRC,5.0,96.0,4.0,0.0,0.0,LOW,7,70
12010,ST,3.0,100.0,0.0,0.0,0.0,LOW,7,423
12010,BVI,21.0,12.0,88.0,0.0,0.0,MEDIUM,7,79
12010,MMCT,2.0,96.0,4.0,0.0,0.0,LOW,7,277
12019,HWH,1.0,100.0,0.0,0.0,0.0,LOW,8,182
12019,DGR,12.0,80.0,20.0,0.0,0.0,MEDIUM,8,123
12019,RNG,14.0,72.0,28.0,0.0,0.0,MEDIUM,8,378
12019,ASN,16.0,64.0,36.0,0.0,0.0,MEDIUM,8,24
12019,DHN,3.0,100.0,0.0,0.0,0.0,LOW,8,125
12019,CRP,4.0,96.0,4.0,0.0,0.0,LOW,8,106
12019,BKSC,1.0,100.0,0.0,0.0,0.0,LOW,8,54
12019,MURI,6.0,92.0,8.0,0.0,0.0,LOW,8,294
12020,RNC,2.0,96.0,4.0,0.0,0.0,LOW,9,377
12020,CRP,6.0,88.0,12.0,0.0,0.0,LOW,9,106
12020,DHN,6.0,92.0,8.0,0.0,0.0,LOW,9,125
12020,ASN,18.0,72.0,24.0,4.0,0.0,MEDIUM,9,24
12020,RNG,15.0,60.0,36.0,4.0,0.0,MEDIUM,9,378
12020,HWH,7.0,80.0,16.0,4.0,0.0,LOW,9,182
12049,GWL,2.0,96.15,3.85,0.0,0.0,LOW,10,170
12049,AGC,1.0,100.0,0.0,0.0,0.0,LOW,10,8
12050,AGC,15.0,76.92,23.08,0.0,0.0,MEDIUM,11,8
12050,GWL,19.0,42.31,57.69,0.0,0.0,MEDIUM,11,170
12050,VGLJ,2.0,92.31,7.69,0.0,0.0,LOW,11,463
12235,MDP,6.0,75.0,25.0,0.0,0.0,LOW,18,269
12235,JSME,12.0,75.0,25.0,0.0,0.0,MEDIUM,18,199
12235,JAJ,3.0,100.0,0.0,0.0,0.0,LOW,18,187
12235,MKA,35.0,0.0,100.0,0.0,0.0,HIGH,18,273
12235,PNBE,18.0,50.0,50.0,0.0,0.0,MEDIUM,18,349
12235,ARA,38.0,0.0,100.0,0.0,0.0,HIGH,18,23
12235,BXR,51.0,0.0,75.0,25.0,0.0,HIGH,18,86
12235,DDU,1.0,100.0,0.0,0.0,0.0,LOW,18,119
12235,PRYJ,6.0,100.0,0.0,0.0,0.0,LOW,18,359
12235,CNB,13.0,50.0,50.0,0.0,0.0,MEDIUM,18,102
12236,PRYJ,159.0,25.0,25.0,50.0,0.0,HIGH,19,359
12236,DDU,147.0,25.0,25.0,50.0,0.0,HIGH,19,119
12236,BXR,152.0,25.0,25.0,50.0,0.0,HIGH,19,86
12236,ARA,157.0,25.0,25.0,50.0,0.0,HIGH,19,23
12236,JAJ,143.0,50.0,0.0,50.0,0.0,HIGH,19,187
12236,JSME,152.0,50.0,0.0,50.0,0.0,HIGH,19,199
12236,MDP,126.0,50.0,0.0,50.0,0.0,HIGH,19,269
12245,HWH,13.0,86.36,9.09,4.55,0.0,MEDIUM,20,182
12245,BBS,111.0,0.0,18.18,81.82,0.0,HIGH,20,38
12245,VZM,93.0,13.64,31.82,54.55,0.0,HIGH,20,469
12245,RU,97.0,18.18,27.27,54.55,0.0,HIGH,20,383
12245,SMVB,77.0,40.91,27.27,31.82,0.0,HIGH,20,410
12246,RU,13.0,69.35,28.35,1.92,0.38,MEDIUM,21,383
12246,BZA,22.0,43.68,50.19,5.75,0.38,MEDIUM,21,88
12246,VZM,15.0,72.41,24.14,3.07,0.38,MEDIUM,21,469
12246,BBS,41.0,12.26,76.25,11.11,0.38,HIGH,21,38
12259,SDAH,0.0,100.0,0.0,0.0,0.0,LOW,22,392
12259,DHN,4.0,94.12,5.88,0.0,0.0,LOW,22,125
12259,KQR,11.0,82.35,17.65,0.0,0.0,MEDIUM,22,231
12259,DDU,4.0,94.12,5.88,0.0,0.0,LOW,22,119
12259,CNB,11.0,76.47,23.53,0.0,0.0,MEDIUM,22,102
12259,NDLS,14.0,64.71,29.41,5.88,0.0,MEDIUM,22,310
12259,LHU,24.0,64.71,29.41,5.88,0.0,MEDIUM,22,254
12259,SDLP,28.0,64.71,11.76,23.53,0.0,MEDIUM,22,395
12259,CUR,41.0,29.41,47.06,23.53,0.0,HIGH,22,112
12259,SDGH,57.0,0.0,70.59,29.41,0.0,HIGH,22,394
12259,BKN,7.0,70.59,23.53,5.88,0.0,LOW,22,52
12260,SDGH,15.0,68.75,25.0,6.25,0.0,MEDIUM,23,394
12260,SDLP,24.0,31.25,62.5,6.25,0.0,MEDIUM,23,395
12260,LHU,24.0,37.5,56.25,6.25,0.0,MEDIUM,23,254
12260,NDLS,8.0,93.75,0.0,6.25,0.0,LOW,23,310
12260,CNB,25.0,50.0,43.75,6.25,0.0,MEDIUM,23,102
12260,DDU,23.0,68.75,18.75,12.5,0.0,MEDIUM,23,119
12260,DHN,33.0,43.75,43.75,12.5,0.0,HIGH,23,125
12260,SDAH,55.0,81.25,6.25,12.5,0.0,HIGH,23,392
12261,CSMT,231.0,46.41,6.22,47.37,0.0,HIGH,24,108
12261,KYN,261.0,36.36,10.53,52.63,0.48,HIGH,24,249
12261,BSL,305.0,11.48,31.1,57.42,0.0,HIGH,24,73
12261,AK,448.0,0.96,0.96,4.31,93.77,HIGH,24,13
12261,NGP,305.0,27.75,16.75,55.5,0.0,HIGH,24,314
12261,BSP,298.0,25.36,20.1,54.55,0.0,HIGH,24,74
12261,TATA,530.0,0.48,0.0,99.04,0.48,HIGH,24,430
12261,HWH,586.0,0.48,0.0,99.04,0.48,HIGH,24,182
12262,HWH,92.0,62.5,6.25,31.25,0.0,HIGH,25,182
12262,TATA,147.0,6.25,43.75,50.0,0.0,HIGH,25,430
12262,BSP,301.0,18.75,0.0,81.25,0.0,HIGH,25,74
12262,AK,411.0,6.25,0.0,68.75,25.0,HIGH,25,13
12262,KYN,482.0,6.25,0.0,93.75,0.0,HIGH,25,249
12262,CSMT,468.0,6.25,0.0,93.75,0.0,HIGH,25,108
12301,ASN,16.0,56.0,44.0,0.0,0.0,MEDIUM,28,24
12301,DHN,3.0,100.0,0.0,0.0,0.0,LOW,28,125
12301,PNME,6.0,100.0,0.0,0.0,0.0,LOW,28,352
12301,DDU,15.0,92.0,4.0,4.0,0.0,MEDIUM,28,119
12301,PRYJ,15.0,92.0,4.0,4.0,0.0,MEDIUM,28,359
12301,CNB,19.0,76.0,20.0,4.0,0.0,MEDIUM,28,102
12301,NDLS,22.0,76.0,20.0,4.0,0.0,MEDIUM,28,310
12302,CNB,22.0,84.62,7.69,7.69,0.0,MEDIUM,29,102
12302,PRYJ,22.0,76.92,15.38,7.69,0.01,MEDIUM,29,359
12302,DDU,20.0,84.62,7.69,7.69,0.0,MEDIUM,29,119
12302,GAYA,23.0,73.08,19.23,7.69,0.0,MEDIUM,29,156
12302,PNME,34.0,46.15,46.15,7.69,0.01,HIGH,29,352
12302,DHN,20.0,88.46,3.85,7.69,0.0,MEDIUM,29,125
12302,ASN,40.0,50.0,38.46,11.54,0.0,HIGH,29,24
12302,HWH,30.0,84.62,3.85,11.54,0.0,MEDIUM,29,182
12305,HWH,2.0,100.0,0.0,0.0,0.0,LOW,30,182
12305,BWN,19.0,0.0,100.0,0.0,0.0,MEDIUM,30,82
12305,MDP,26.0,20.0,80.0,0.0,0.0,MEDIUM,30,269
12305,PNBE,2.0,100.0,0.0,0.0,0.0,LOW,30,349
12305,DDU,11.0,60.0,40.0,0.0,0.0,MEDIUM,30,119
12305,PRYJ,12.0,60.0,40.0,0.0,0.0,MEDIUM,30,359
12305,CNB,21.0,40.0,60.0,0.0,0.0,MEDIUM,30,102
12305,NDLS,16.0,60.0,40.0,0.0,0.0,MEDIUM,30,310
12306,NDLS,1.0,100.0,0.0,0.0,0.0,LOW,31,310
12306,CNB,4.0,100.0,0.0,0.0,0.0,LOW,31,102
12306,PRYJ,4.0,100.0,0.0,0.0,0.0,LOW,31,359
12306,DDU,0.0,100.0,0.0,0.0,0.0,LOW,31,119
12306,PNBE,1.0,100.0,0.0,0.0,0.0,LOW,31,349
12306,JSME,1.0,100.0,0.0,0.0,0.0,LOW,31,199
12306,MDP,2.0,100.0,0.0,0.0,0.0,LOW,31,269
12306,BWN,0.0,100.0,0.0,0.0,0.0,LOW,31,82
12313,SDAH,0.0,100.0,0.0,0.0,0.0,LOW,32,392
12313,DGR,8.0,93.33,6.67,0.0,0.0,LOW,32,123
12313,ASN,14.0,76.67,23.33,0.0,0.0,MEDIUM,32,24
12313,DHN,2.0,96.67,3.33,0.0,0.0,LOW,32,125
12313,GAYA,9.0,96.67,0.0,3.33,0.0,LOW,32,156
12313,DDU,12.0,93.33,3.33,3.33,0.01,MEDIUM,32,119
12313,CNB,17.0,76.67,20.0,3.33,0.0,MEDIUM,32,102
12313,NDLS,11.0,83.33,13.33,3.33,0.01,MEDIUM,32,310
12314,NDLS,9.0,96.67,0.0,3.33,0.0,LOW,33,310
12314,CNB,23.0,80.0,13.33,6.67,0.0,MEDIUM,33,102
12314,GAYA,24.0,83.33,10.0,6.67,0.0,MEDIUM,33,156
12314,DGR,40.0,13.33,76.67,10.0,0.0,HIGH,33,123
12314,SDAH,19.0,86.67,3.33,10.0,0.0,MEDIUM,33,392
12423,DBRG,2.0,96.67,3.33,0.0,0.0,LOW,36,117
12423,NTSK,13.0,73.33,23.33,3.33,0.01,MEDIUM,36,328
12423,MXN,21.0,50.0,46.67,3.33,0.0,MEDIUM,36,298
12423,DMV,22.0,50.0,46.67,3.33,0.0,MEDIUM,36,133
12423,LMG,33.0,30.0,60.0,10.0,0.0,HIGH,36,257
12423,GHY,25.0,43.33,53.33,3.33,0.01,MEDIUM,36,163
12423,NBQ,13.0,70.0,26.67,3.33,0.0,MEDIUM,36,304
12423,KOJ,19.0,63.33,30.0,6.67,0.0,MEDIUM,36,222
12423,NCB,30.0,30.0,63.33,6.67,0.0,MEDIUM,36,305
12423,NJP,17.0,63.33,30.0,6.67,0.0,MEDIUM,36,317
12423,KIR,5.0,90.0,6.67,3.33,0.0,LOW,36,210
12423,NNA,8.0,90.0,6.67,3.33,0.0,LOW,36,324
12423,MNE,15.0,66.67,30.0,3.33,0.0,MEDIUM,36,279
12423,PPTA,7.0,90.0,6.67,3.33,0.0,LOW,36,358
12423,DNR,11.0,86.67,6.67,6.67,0.0,MEDIUM,36,134
12423,DDU,10.0,83.33,16.67,0.0,0.0,LOW,36,119
12423,PRYJ,12.0,80.0,13.33,6.67,0.0,MEDIUM,36,359
12423,CNB,17.0,60.0,33.33,6.67,0.0,MEDIUM,36,102
12423,NDLS,11.0,83.33,13.33,3.33,0.01,MEDIUM,36,310
12424,CNB,13.0,90.0,6.67,3.33,0.0,MEDIUM,37,102
12424,PRYJ,17.0,83.33,13.33,3.33,0.01,MEDIUM,37,359
12424,DDU,8.0,96.67,0.0,3.33,0.0,LOW,37,119
12424,PPTA,9.0,96.67,0.0,3.33,0.0,LOW,37,358
12424,BJU,7.0,93.33,3.33,3.33,0.01,LOW,37,51
12424,MNE,17.0,83.33,13.33,3.33,0.01,MEDIUM,37,279
12424,NNA,21.0,56.67,40.0,3.33,0.0,MEDIUM,37,324
12424,KIR,15.0,83.33,13.33,3.33,0.01,MEDIUM,37,210
12424,NJP,24.0,56.67,40.0,3.33,0.0,MEDIUM,37,317
12424,NCB,15.0,83.33,13.33,3.33,0.01,MEDIUM,37,305
12424,KOJ,30.0,33.33,63.33,3.33,0.01,MEDIUM,37,222
12424,NBQ,19.0,80.0,16.67,3.33,0.0,MEDIUM,37,304
12424,RNY,34.0,36.67,56.67,6.67,0.0,HIGH,37,379
12424,GHY,30.0,53.33,40.0,6.67,0.0,MEDIUM,37,163
12424,LMG,23.0,70.0,23.33,6.67,0.0,MEDIUM,37,257
12424,DPU,26.0,70.0,20.0,10.0,0.0,MEDIUM,37,136
12424,MXN,27.0,66.67,23.33,10.0,0.0,MEDIUM,37,298
12424,NTSK,49.0,23.33,63.33,13.33,0.01,HIGH,37,328
12424,DBRG,15.0,70.0,16.67,13.33,0.0,MEDIUM,37,117
12953,MMCT,1.0,100.0,0.0,0.0,0.0,LOW,66,277
12953,BVI,9.0,86.67,13.33,0.0,0.0,LOW,66,79
12953,VAPI,14.0,63.33,36.67,0.0,0.0,MEDIUM,66,461
12953,BL,11.0,80.0,20.0,0.0,0.0,MEDIUM,66,55
12953,ST,7.0,93.33,6.67,0.0,0.0,LOW,66,423
12953,BRC,10.0,83.33,16.67,0.0,0.0,LOW,66,70
12953,DHD,13.0,63.33,36.67,0.0,0.0,MEDIUM,66,124
12953,RTM,10.0,80.0,20.0,0.0,0.0,LOW,66,382
12953,KOTA,9.0,73.33,23.33,3.33,0.01,LOW,66,225
12953,SWM,15.0,66.67,30.0,3.33,0.0,MEDIUM,66,427
12953,MTJ,8.0,96.67,0.0,3.33,0.0,LOW,66,292
12953,NZM,7.0,90.0,6.67,3.33,0.0,LOW,66,334
12954,NZM,0.0,100.0,0.0,0.0,0.0,LOW,67,334
12954,MTJ,6.0,96.67,3.33,0.0,0.0,LOW,67,292
12954,SWM,13.0,76.67,20.0,3.33,0.0,MEDIUM,67,427
12954,KOTA,23.0,43.33,50.0,6.67,0.0,MEDIUM,67,225
12954,RTM,20.0,66.67,26.67,6.67,0.0,MEDIUM,67,382
12954,BH,15.0,86.67,6.67,6.67,0.0,MEDIUM,67,46
12954,ST,14.0,90.0,3.33,6.67,0.0,MEDIUM,67,423
12954,BL,14.0,86.67,6.67,6.67,0.0,MEDIUM,67,55
12954,VAPI,23.0,83.33,10.0,6.67,0.0,MEDIUM,67,461
12954,BVI,29.0,36.67,53.33,10.0,0.0,MEDIUM,67,79
12954,MMCT,16.0,86.67,6.67,6.67,0.0,MEDIUM,67,277
12957,SBIB,7.0,96.67,0.0,3.33,0.0,LOW,68,390
12957,MSH,8.0,93.33,3.33,3.33,0.01,LOW,68,288
12957,ABR,8.0,96.67,0.0,3.33,0.0,LOW,68,4
12957,FA,6.0,96.67,0.0,3.33,0.0,LOW,68,148
12957,AII,6.0,96.67,0.0,3.33,0.0,LOW,68,11
12957,JP,7.0,96.67,0.0,3.33,0.0,LOW,68,195
12957,GGN,14.0,96.67,0.0,3.33,0.0,MEDIUM,68,162
12957,DEC,15.0,96.67,0.0,3.33,0.0,MEDIUM,68,120
12958,DEC,4.0,100.0,0.0,0.0,0.0,LOW,69,120
12958,GGN,7.0,93.33,6.67,0.0,0.0,LOW,69,162
12958,AII,16.0,63.33,36.67,0.0,0.0,MEDIUM,69,11
12958,FA,16.0,53.33,46.67,0.0,0.0,MEDIUM,69,148
12958,ABR,10.0,73.33,26.67,0.0,0.0,LOW,69,4
12958,PNU,4.0,90.0,10.0,0.0,0.0,LOW,69,355
12958,MSH,6.0,86.67,13.33,0.0,0.0,LOW,69,288
22221,CSMT,1.0,96.67,3.33,0.0,0.0,LOW,80,108
22221,KYN,9.0,86.67,13.33,0.0,0.0,LOW,80,249
22221,BSL,12.0,80.0,20.0,0.0,0.0,MEDIUM,80,73
22221,BPL,12.0,86.67,10.0,3.33,0.0,MEDIUM,80,65
22221,VGLJ,9.0,93.33,3.33,3.33,0.01,LOW,80,463
22221,GWL,14.0,83.33,13.33,3.33,0.01,MEDIUM,80,170
22222,NZM,1.0,96.67,3.33,0.0,0.0,LOW,81,334
22222,AGC,16.0,70.0,30.0,0.0,0.0,MEDIUM,81,8
22222,GWL,13.0,80.0,20.0,0.0,0.0,MEDIUM,81,170
22222,VGLJ,5.0,93.33,6.67,0.0,0.0,LOW,81,463
22222,BPL,23.0,53.33,43.33,3.33,0.01,MEDIUM,81,65
22222,BSL,22.0,60.0,36.67,3.33,0.0,MEDIUM,81,73
22222,JL,25.0,40.0,56.67,3.33,0.0,MEDIUM,81,193
22222,NK,23.0,53.33,43.33,3.33,0.01,MEDIUM,81,319
22222,KYN,22.0,56.67,40.0,3.33,0.0,MEDIUM,81,249
22225,CSMT,2.0,100.0,0.0,0.0,0.0,LOW,82,108
22225,DR,5.0,100.0,0.0,0.0,0.0,LOW,82,138
22225,TNA,6.0,100.0,0.0,0.0,0.0,LOW,82,441
22225,KYN,12.0,80.77,19.23,0.0,0.0,MEDIUM,82,249
22225,PUNE,16.0,61.54,34.62,3.85,0.0,MEDIUM,82,362
22225,KWV,16.0,61.54,34.62,3.85,0.0,MEDIUM,82,247
22225,SUR,3.0,96.15,3.85,0.0,0.0,LOW,82,426
22226,SUR,1.0,100.0,0.0,0.0,0.0,LOW,83,426
22226,KWV,6.0,100.0,0.0,0.0,0.0,LOW,83,247
22226,PUNE,5.0,100.0,0.0,0.0,0.0,LOW,83,362
22226,TNA,18.0,42.31,53.85,3.85,0.0,MEDIUM,83,441
22226,DR,19.0,38.46,57.69,3.85,0.0,MEDIUM,83,138
22226,CSMT,13.0,88.46,7.69,3.85,0.0,MEDIUM,83,108
11013,TNA,26.0,76.67,10.0,13.33,0.0,MEDIUM,0,441
11013,KYN,30.0,60.0,26.67,13.33,0.0,MEDIUM,0,249
11013,KWV,60.0,3.33,70.0,26.67,0.0,HIGH,0,247
11013,SUR,51.0,20.0,63.33,16.67,0.0,HIGH,0,426
11013,DUD,63.0,10.0,60.0,30.0,0.0,HIGH,0,141
11013,GUR,67.0,6.67,56.67,36.67,0.0,HIGH,0,168
11013,KLBG,66.0,6.67,56.67,36.67,0.0,HIGH,0,217
11013,SDB,54.0,13.33,70.0,16.67,0.0,HIGH,0,393
11013,WADI,26.0,70.0,16.67,13.33,0.0,MEDIUM,0,470
11013,YG,31.0,60.0,26.67,13.33,0.0,HIGH,0,473
11013,KSN,29.0,63.33,23.33,13.33,0.01,MEDIUM,0,236
11013,RC,28.0,63.33,23.33,13.33,0.01,MEDIUM,0,368
11013,MALM,31.0,60.0,26.67,13.33,0.0,HIGH,0,263
11013,AD,36.0,43.33,43.33,13.33,0.01,HIGH,0,5
11013,GTL,29.0,56.67,33.33,10.0,0.0,MEDIUM,0,167
11013,ATP,28.0,56.67,33.33,10.0,0.0,MEDIUM,0,26
11013,DMM,18.0,83.33,6.67,10.0,0.0,MEDIUM,0,132
11013,BNC,30.0,26.67,63.33,10.0,0.0,MEDIUM,0,60
11013,SBC,14.0,83.33,10.0,6.67,0.0,MEDIUM,0,388
11013,DPJ,61.0,3.33,53.33,43.33,0.01,HIGH,0,135
11013,ED,26.0,40.0,43.33,16.67,0.0,MEDIUM,0,142
11013,TUP,31.0,23.33,63.33,13.33,0.01,HIGH,0,451
11014,CBE,1.0,100.0,0.0,0.0,0.0,LOW,1,92
11014,ED,9.0,93.33,6.67,0.0,0.0,LOW,1,142
11014,SA,14.0,83.33,13.33,3.33,0.01,MEDIUM,1,384
11014,DPJ,23.0,43.33,53.33,3.33,0.01,MEDIUM,1,135
11014,HSRA,31.0,23.33,73.33,3.33,0.01,HIGH,1,179
11014,BNC,34.0,30.0,63.33,6.67,0.0,HIGH,1,60
11014,SBC,36.0,23.33,63.33,13.33,0.01,HIGH,1,388
11014,GBD,50.0,3.33,76.67,20.0,0.0,HIGH,1,157
11014,HUP,40.0,16.67,70.0,13.33,0.0,HIGH,1,181
11014,SSPN,24.0,60.0,33.33,6.67,0.0,MEDIUM,1,422
11014,ATP,19.0,70.0,26.67,3.33,0.0,MEDIUM,1,26
11014,GTL,39.0,10.0,80.0,10.0,0.0,HIGH,1,167
11014,AD,40.0,20.0,70.0,10.0,0.0,HIGH,1,5
11014,MALM,32.0,43.33,50.0,6.67,0.0,HIGH,1,263
11014,KSN,45.0,16.67,16.67,6.67,59.99,HIGH,1,236
11014,YG,39.0,16.67,73.33,10.0,0.0,HIGH,1,473
11014,WADI,13.0,76.67,20.0,3.33,0.0,MEDIUM,1,470
11014,SDB,14.0,73.33,23.33,3.33,0.01,MEDIUM,1,393
11014,KLBG,19.0,66.67,30.0,3.33,0.0,MEDIUM,1,217
11014,GUR,20.0,56.67,40.0,3.33,0.0,MEDIUM,1,168
11014,SUR,27.0,50.0,46.67,3.33,0.0,MEDIUM,1,426
11014,KWV,37.0,20.0,76.67,3.33,0.0,HIGH,1,247
11014,DD,8.0,93.33,3.33,3.33,0.01,LOW,1,118
11014,PUNE,20.0,43.33,53.33,3.33,0.01,MEDIUM,1,362
11014,KYN,60.0,10.0,63.33,26.67,0.0,HIGH,1,249
11014,TNA,61.0,6.67,66.67,26.67,0.0,HIGH,1,441
11014,LTT,44.0,56.67,16.67,26.67,0.0,HIGH,1,261
11027,DR,1.0,100.0,0.0,0.0,0.0,LOW,2,138
11027,TNA,3.0,100.0,0.0,0.0,0.0,LOW,2,441
11027,KYN,14.0,61.54,38.46,0.0,0.0,MEDIUM,2,249
11027,LNL,17.0,53.85,46.15,0.0,0.0,MEDIUM,2,258
11027,TGN,20.0,30.77,69.23,0.0,0.0,MEDIUM,2,436
11027,CCH,18.0,38.46,61.54,0.0,0.0,MEDIUM,2,94
11027,PUNE,21.0,61.54,30.77,7.69,0.0,MEDIUM,2,362
11027,URI,28.0,15.38,76.92,7.69,0.01,MEDIUM,2,459
11027,KDG,31.0,7.69,84.62,7.69,0.0,HIGH,2,205
11027,DD,27.0,23.08,69.23,7.69,0.0,MEDIUM,2,118
11027,BGVN,29.0,15.38,76.92,7.69,0.01,MEDIUM,2,44
11027,JEUR,41.0,0.0,84.62,15.38,0.0,HIGH,2,189
11027,KEM,44.0,0.0,84.62,15.38,0.0,HIGH,2,206
11027,KWV,46.0,0.0,84.62,15.38,0.0,HIGH,2,247
11027,SGLA,35.0,7.69,76.92,15.38,0.01,HIGH,2,400
11027,MSDG,34.0,15.38,69.23,15.38,0.01,HIGH,2,287
11027,JTRD,44.0,0.0,84.62,15.38,0.0,HIGH,2,201
11027,DLGN,51.0,0.0,84.62,15.38,0.0,HIGH,2,130
11027,KVK,55.0,0.0,76.92,23.08,0.0,HIGH,2,244
11027,MRJ,12.0,76.92,23.08,0.0,0.0,MEDIUM,2,285
11027,SLI,16.0,69.23,30.77,0.0,0.0,MEDIUM,2,406
11027,BVQ,18.0,61.54,38.46,0.0,0.0,MEDIUM,2,80
11027,KOV,19.0,61.54,38.46,0.0,0.0,MEDIUM,2,227
11027,TKR,21.0,61.54,38.46,0.0,0.0,MEDIUM,2,439
11027,KRD,26.0,46.15,46.15,7.69,0.01,MEDIUM,2,232
11027,MSR,29.0,15.38,76.92,7.69,0.01,MEDIUM,2,289
11027,KRG,38.0,0.0,84.62,15.38,0.0,HIGH,2,233
11027,STR,2.0,84.62,15.38,0.0,0.0,LOW,2,425
11028,STR,0.0,100.0,0.0,0.0,0.0,LOW,3,425
11028,KRG,13.0,76.92,23.08,0.0,0.0,MEDIUM,3,233
11028,MSR,21.0,30.77,69.23,0.0,0.0,MEDIUM,3,289
11028,KRD,19.0,46.15,53.85,0.0,0.0,MEDIUM,3,232
11028,TKR,11.0,76.92,23.08,0.0,0.0,MEDIUM,3,439
11028,KOV,8.0,76.92,23.08,0.0,0.0,LOW,3,227
11028,BVQ,7.0,76.92,23.08,0.0,0.0,LOW,3,80
11028,SLI,6.0,92.31,7.69,0.0,0.0,LOW,3,406
11028,KVK,8.0,100.0,0.0,0.0,0.0,LOW,3,244
11028,JTRD,20.0,30.77,69.23,0.0,0.0,MEDIUM,3,201
11028,SGLA,26.0,7.69,92.31,0.0,0.0,MEDIUM,3,400
11028,PVR,5.0,100.0,0.0,0.0,0.0,LOW,3,364
11028,KWV,33.0,23.08,76.92,0.0,0.0,HIGH,3,247
11028,KEM,26.0,38.46,61.54,0.0,0.0,MEDIUM,3,206
11028,JEUR,30.0,30.77,69.23,0.0,0.0,MEDIUM,3,189
11028,BGVN,13.0,46.15,53.85,0.0,0.0,MEDIUM,3,44
11028,DD,6.0,84.62,15.38,0.0,0.0,LOW,3,118
11028,KDG,10.0,76.92,23.08,0.0,0.0,LOW,3,205
11028,URI,15.0,61.54,38.46,0.0,0.0,MEDIUM,3,459
11028,PUNE,18.0,53.85,46.15,0.0,0.0,MEDIUM,3,362
11028,TGN,29.0,7.69,92.31,0.0,0.0,MEDIUM,3,436
11028,LNL,10.0,69.23,30.77,0.0,0.0,LOW,3,258
11028,KYN,29.0,23.08,76.92,0.0,0.0,MEDIUM,3,249
11028,TNA,29.0,15.38,84.62,0.0,0.0,MEDIUM,3,441
11028,DR,15.0,69.23,30.77,0.0,0.0,MEDIUM,3,138
12367,BGP,8.0,93.42,0.55,1.64,4.39,LOW,34,43
12367,SGG,12.0,81.64,11.78,1.37,5.21,MEDIUM,34,399
12367,BUP,11.0,85.75,7.67,1.37,5.21,MEDIUM,34,78
12367,JMP,16.0,65.21,28.22,1.37,5.2,MEDIUM,34,194
12367,DRH,18.0,48.49,44.93,1.37,5.21,MEDIUM,34,140
12367,AHA,18.0,52.6,40.82,1.37,5.21,MEDIUM,34,10
12367,KJH,20.0,44.66,48.77,1.37,5.2,MEDIUM,34,212
12367,KIUL,14.0,79.18,13.97,2.47,4.38,MEDIUM,34,211
12367,BRYA,21.0,59.73,33.15,2.74,4.38,MEDIUM,34,71
12367,HTZ,24.0,43.84,48.77,3.01,4.38,MEDIUM,34,180
12367,MKA,30.0,21.92,69.86,3.84,4.38,MEDIUM,34,273
12367,BARH,38.0,7.4,83.29,4.93,4.38,HIGH,34,36
12367,BKP,41.0,6.85,81.37,7.4,4.38,HIGH,34,53
12367,FUT,48.0,2.47,79.18,13.97,4.38,HIGH,34,154
12367,PNC,48.0,3.29,76.99,15.34,4.38,HIGH,34,350
12367,PNBE,38.0,18.08,67.95,9.59,4.38,HIGH,34,349
12367,ARA,55.0,4.11,68.49,23.01,4.39,HIGH,34,23
12367,BXR,65.0,2.74,59.73,33.15,4.38,HIGH,34,86
12367,PRYJ,101.0,2.19,3.01,5.21,89.59,HIGH,34,359
12367,CNB,53.0,28.77,45.75,21.1,4.38,HIGH,34,102
12367,ANVT,37.0,71.51,6.85,17.26,4.38,HIGH,34,22
12368,BXR,30.0,56.67,23.33,20.0,0.0,MEDIUM,35,86
12368,ARA,35.0,46.67,33.33,20.0,0.0,HIGH,35,23
12368,PNBE,54.0,10.0,63.33,26.67,0.0,HIGH,35,349
12368,PNC,56.0,10.0,63.33,26.67,0.0,HIGH,35,350
12368,FUT,63.0,0.0,66.67,33.33,0.0,HIGH,35,154
12368,KOO,64.0,0.0,70.0,30.0,0.0,HIGH,35,224
12368,BARH,67.0,0.0,70.0,30.0,0.0,HIGH,35,36
12368,MKA,71.0,0.0,63.33,36.67,0.0,HIGH,35,273
12368,BRYA,75.0,0.0,56.67,43.33,0.0,HIGH,35,71
12368,LKR,67.0,3.33,66.67,30.0,0.0,HIGH,35,256
12368,KIUL,24.0,73.33,13.33,13.33,0.01,MEDIUM,35,211
12368,AHA,26.0,73.33,13.33,13.33,0.01,MEDIUM,35,10
12368,DRH,26.0,73.33,13.33,13.33,0.01,MEDIUM,35,140
12368,JMP,34.0,53.33,30.0,16.67,0.0,HIGH,35,194
12368,BUP,41.0,23.33,60.0,16.67,0.0,HIGH,35,78
12368,SGG,34.0,50.0,33.33,16.67,0.0,HIGH,35,399
12368,BGP,10.0,80.0,10.0,10.0,0.0,LOW,35,43
15959,BDC,8.0,90.8,8.81,0.38,0.01,LOW,70,39
15959,ABKA,13.0,71.65,27.97,0.38,0.0,MEDIUM,70,3
15959,KWAE,10.0,79.69,19.92,0.38,0.01,LOW,70,246
15959,SALE,14.0,62.45,37.16,0.38,0.01,MEDIUM,70,386
15959,AZ,9.0,85.82,13.03,1.15,0.0,LOW,70,31
15959,JRLE,8.0,88.12,10.73,1.15,0.0,LOW,70,198
15959,NILE,12.0,78.16,20.69,1.15,0.0,MEDIUM,70,316
15959,DGLE,13.0,77.39,21.07,1.53,0.01,MEDIUM,70,122
15959,NFK,9.0,90.04,8.05,1.92,0.0,LOW,70,313
15959,MLDT,8.0,95.02,3.07,1.92,0.0,LOW,70,274
15959,SM,10.0,86.21,11.49,2.3,0.0,LOW,70,409
15959,HCR,11.0,80.08,17.62,2.3,0.0,MEDIUM,70,176
15959,BOE,17.0,0.77,1.15,0.0,98.08,MEDIUM,70,62
15959,AUB,34.0,14.18,78.16,7.66,0.0,HIGH,70,27
15959,NJP,17.0,68.97,26.05,4.98,0.0,MEDIUM,70,317
15959,JPE,13.0,68.2,26.82,4.98,0.0,MEDIUM,70,196
15959,NMX,21.0,58.62,35.63,5.75,0.0,MEDIUM,70,323
15959,DQG,19.0,65.13,29.5,5.36,0.01,MEDIUM,70,137
15959,FLK,13.0,77.39,18.77,3.83,0.01,MEDIUM,70,153
15959,NCB,13.0,82.76,13.03,4.21,0.0,MEDIUM,70,305
15959,NOQ,12.0,82.76,13.41,3.45,0.38,MEDIUM,70,326
15959,KAMG,18.0,74.33,21.46,3.83,0.38,MEDIUM,70,203
15959,GOGH,10.0,1.53,0.38,0.0,98.09,LOW,70,166
15959,FKM,37.0,6.9,85.06,8.05,0.0,HIGH,70,152
15959,KOJ,35.0,10.73,80.84,8.43,0.0,HIGH,70,222
15959,NBQ,17.0,72.8,21.46,5.75,0.0,MEDIUM,70,304
15959,BNGN,20.0,65.52,26.05,6.13,2.3,MEDIUM,70,61
15959,SBE,23.0,59.39,30.27,8.05,2.29,MEDIUM,70,389
15959,BPRD,24.0,55.17,34.48,8.05,2.3,MEDIUM,70,68
15959,PBL,27.0,48.28,41.38,8.05,2.29,MEDIUM,70,340
15959,TIHU,28.0,44.44,44.83,8.43,2.3,MEDIUM,70,437
15959,NLV,30.0,41.38,47.89,8.43,2.3,MEDIUM,70,321
15959,RNY,26.0,55.17,34.1,8.43,2.3,MEDIUM,70,379
15959,KYQ,23.0,63.6,28.35,8.05,0.0,MEDIUM,70,250
15959,GHY,32.0,41.0,47.51,11.49,0.0,HIGH,70,163
15959,CPK,35.0,38.31,47.89,13.79,0.01,HIGH,70,104
15959,HJI,37.0,36.78,47.51,15.71,0.0,HIGH,70,178
15959,LKA,36.0,41.0,42.53,16.48,0.0,HIGH,70,255
15959,LMG,47.0,20.69,57.85,21.46,0.0,HIGH,70,257
15959,DPU,48.0,16.09,62.84,21.07,0.0,HIGH,70,136
15959,DMV,49.0,17.62,62.07,20.31,0.0,HIGH,70,133
15959,SZR,47.0,20.69,60.15,19.16,0.0,HIGH,70,429
15959,BXP,48.0,19.92,60.54,19.54,0.0,HIGH,70,85
15959,FKG,21.0,76.63,13.41,9.96,0.0,MEDIUM,70,151
15959,MXN,39.0,39.46,43.68,16.86,0.0,HIGH,70,298
15959,AGI,46.0,11.49,70.88,17.62,0.01,HIGH,70,9
15959,SLGR,42.0,21.46,63.22,15.33,0.0,HIGH,70,405
15959,BOJ,51.0,9.2,72.03,18.77,0.0,HIGH,70,63
15959,NAM,54.0,6.9,71.65,21.46,0.0,HIGH,70,303
15959,NHK,56.0,6.51,70.5,22.99,0.0,HIGH,70,315
15959,DJG,56.0,7.28,68.97,23.75,0.0,HIGH,70,127
15959,NTSK,53.0,13.79,65.52,20.69,0.0,HIGH,70,328
15959,DBRG,17.0,71.26,16.09,12.64,0.01,MEDIUM,70,117
15960,NTSK,15.0,65.77,30.38,3.85,0.0,MEDIUM,71,328
15960,DJG,18.0,57.31,37.69,5.0,0.0,MEDIUM,71,127
15960,NHK,23.0,44.62,48.85,6.54,0.0,MEDIUM,71,315
15960,NAM,20.0,50.0,43.08,6.92,0.0,MEDIUM,71,303
15960,BOJ,29.0,41.15,49.23,9.62,0.0,MEDIUM,71,63
15960,SLGR,44.0,19.23,51.92,28.85,0.0,HIGH,71,405
15960,AGI,50.0,10.38,53.08,36.54,0.0,HIGH,71,9
15960,MXN,34.0,16.15,77.69,6.15,0.01,HIGH,71,298
15960,FKG,8.0,91.15,6.54,2.31,0.0,LOW,71,151
15960,BXP,11.0,85.0,11.92,3.08,0.0,MEDIUM,71,85
15960,SZR,13.0,80.38,16.15,3.46,0.01,MEDIUM,71,429
15960,DMV,20.0,50.0,45.77,4.23,0.0,MEDIUM,71,133
15960,LMG,23.0,50.0,44.62,5.38,0.0,MEDIUM,71,257
15960,LKA,19.0,56.92,37.31,5.77,0.0,MEDIUM,71,255
15960,HJI,21.0,53.85,40.0,6.15,0.0,MEDIUM,71,178
15960,CPK,25.0,45.77,46.54,7.69,0.0,MEDIUM,71,104
15960,KYQ,35.0,33.46,51.92,14.62,0.0,HIGH,71,250
15960,NLV,23.0,58.08,33.08,7.69,1.15,MEDIUM,71,321
15960,TIHU,26.0,48.08,40.77,10.0,1.15,MEDIUM,71,437
15960,PBL,30.0,36.54,50.38,11.92,1.16,MEDIUM,71,340
15960,BPRD,31.0,36.92,49.62,12.31,1.15,HIGH,71,68
15960,SBE,35.0,27.69,56.92,14.23,1.16,HIGH,71,389
15960,BNGN,41.0,17.69,63.08,18.08,1.15,HIGH,71,61
15960,NBQ,28.0,59.62,25.38,15.0,0.0,MEDIUM,71,304
15960,KOJ,32.0,53.08,30.0,16.92,0.0,HIGH,71,222
15960,FKM,35.0,49.23,33.08,17.69,0.0,HIGH,71,152
15960,GOGH,11.0,1.15,0.38,0.0,98.47,MEDIUM,71,166
15960,KAMG,39.0,40.0,40.77,18.85,0.38,HIGH,71,203
15960,NOQ,37.0,44.62,36.15,18.46,0.77,HIGH,71,326
15960,NCB,43.0,36.15,42.69,21.15,0.01,HIGH,71,305
15960,DQG,46.0,28.46,49.23,21.92,0.39,HIGH,71,137
15960,NMX,46.0,27.69,48.08,23.85,0.38,HIGH,71,323
15960,JPE,48.0,24.23,51.54,24.23,0.0,HIGH,71,196
15960,NJP,28.0,66.54,18.46,15.0,0.0,MEDIUM,71,317
15960,AUB,36.0,55.0,26.54,18.46,0.0,HIGH,71,27
15960,KNE,37.0,54.62,26.54,18.85,0.0,HIGH,71,220
15960,BOE,15.0,1.15,0.77,0.0,98.08,MEDIUM,71,62
15960,SM,49.0,28.08,48.46,23.46,0.0,HIGH,71,409
15960,MLDT,36.0,66.92,8.85,24.23,0.0,HIGH,71,274
15960,NFK,37.0,64.62,10.77,24.62,0.0,HIGH,71,313
15960,DGLE,37.0,64.23,11.15,24.62,0.0,HIGH,71,122
15960,NILE,40.0,61.15,13.85,25.0,0.0,HIGH,71,316
15960,JRLE,41.0,58.85,16.54,24.62,0.0,HIGH,71,198
15960,AZ,33.0,68.46,8.46,23.08,0.0,HIGH,71,31
15960,KGLE,38.0,66.15,8.85,25.0,0.0,HIGH,71,207
15960,SALE,45.0,50.0,23.85,26.15,0.0,HIGH,71,386
15960,NDAE,36.0,65.38,12.69,21.92,0.01,HIGH,71,308
15960,ABKA,38.0,63.85,13.08,23.08,0.0,HIGH,71,3
15960,BDC,38.0,49.62,32.31,18.08,0.0,HIGH,71,39
15960,HWH,5.0,79.62,8.46,11.92,0.0,LOW,71,182
12201,LTT,4.0,87.5,12.5,0.0,0.0,LOW,16,261
12201,TNA,11.0,87.5,12.5,0.0,0.0,MEDIUM,16,441
12201,PNVL,13.0,62.5,37.5,0.0,0.0,MEDIUM,16,356
12201,RN,58.0,12.5,37.5,50.0,0.0,HIGH,16,376
12201,MAO,41.0,37.5,37.5,25.0,0.0,HIGH,16,264
12201,KAWR,51.0,37.5,25.0,37.5,0.0,HIGH,16,204
12201,ANKL,53.0,37.5,25.0,37.5,0.0,HIGH,16,19
12201,BYNR,20.0,50.0,37.5,12.5,0.0,MEDIUM,16,87
12201,UD,24.0,50.0,37.5,12.5,0.0,MEDIUM,16,455
12201,KGQ,23.0,75.0,12.5,12.5,0.0,MEDIUM,16,209
12201,CAN,26.0,50.0,37.5,12.5,0.0,MEDIUM,16,90
12201,CLT,18.0,75.0,12.5,12.5,0.0,MEDIUM,16,100
12201,TIR,23.0,50.0,37.5,12.5,0.0,MEDIUM,16,438
12201,SRR,21.0,75.0,12.5,12.5,0.0,MEDIUM,16,418
12201,TCR,21.0,75.0,12.5,12.5,0.0,MEDIUM,16,432
12201,KTYM,20.0,75.0,12.5,12.5,0.0,MEDIUM,16,240
12201,CGY,20.0,75.0,12.5,12.5,0.0,MEDIUM,16,98
12201,KYJ,22.0,75.0,12.5,12.5,0.0,MEDIUM,16,248
12202,TVCN,1.0,100.0,0.0,0.0,0.0,LOW,17,453
12202,QLN,8.0,88.89,11.11,0.0,0.0,LOW,17,366
12202,KYJ,12.0,77.78,22.22,0.0,0.0,MEDIUM,17,248
12202,CNGR,14.0,66.67,33.33,0.0,0.0,MEDIUM,17,103
12202,TRVL,14.0,55.56,44.44,0.0,0.0,MEDIUM,17,447
12202,CGY,15.0,55.56,44.44,0.0,0.0,MEDIUM,17,98
12202,KTYM,18.0,33.33,66.67,0.0,0.0,MEDIUM,17,240
12202,ERN,11.0,66.67,33.33,0.0,0.0,MEDIUM,17,145
12202,TCR,20.0,44.44,55.56,0.0,0.0,MEDIUM,17,432
12202,SRR,13.0,55.56,44.44,0.0,0.0,MEDIUM,17,418
12202,TIR,22.0,22.22,77.78,0.0,0.0,MEDIUM,17,438
12202,CLT,25.0,11.11,88.89,0.0,0.0,MEDIUM,17,100
12202,CAN,50.0,0.0,88.89,11.11,0.0,HIGH,17,90
12202,KGQ,55.0,0.0,77.78,22.22,0.0,HIGH,17,209
12202,MAJN,34.0,0.0,88.89,11.11,0.0,HIGH,17,262
12202,UD,44.0,0.0,88.89,11.11,0.0,HIGH,17,455
12202,ANKL,45.0,0.0,66.67,33.33,0.0,HIGH,17,19
12202,KAWR,48.0,0.0,77.78,22.22,0.0,HIGH,17,204
12202,MAO,35.0,11.11,77.78,11.11,0.0,HIGH,17,264
12202,RN,66.0,11.11,22.22,66.67,0.0,HIGH,17,376
12202,PNVL,41.0,11.11,77.78,11.11,0.0,HIGH,17,356
12202,TNA,45.0,11.11,66.67,22.22,0.0,HIGH,17,441
12202,LTT,17.0,55.56,33.33,11.11,0.0,MEDIUM,17,261
